checkpoint,gradient,wtmad,relchem,ae17,exc,op,combined
b8_t128,wtmad,1.0000000000000002,-0.5598283278697568,-0.008928902063864987,-0.0016484769495754203,0.643602614672728,-0.026092456871905464
b8_t128,relchem,-0.5598283278697568,0.9999999999999999,-0.7702857897275828,-0.7752730994273331,-0.9844090098469372,-0.7483048523909852
b8_t128,ae17,-0.008928902063864987,-0.7702857897275828,1.0,0.9999659819197443,0.6993759015638693,0.9978620967438411
b8_t128,exc,-0.0016484769495754203,-0.7752730994273331,0.9999659819197443,1.0,0.7047978909699749,0.9975622731264056
b8_t128,op,0.643602614672728,-0.9844090098469372,0.6993759015638693,0.7047978909699749,0.9999999999999999,0.684132056360989
b8_t128,combined,-0.026092456871905464,-0.7483048523909852,0.9978620967438411,0.9975622731264056,0.684132056360989,1.0
continuation_raw_t251,wtmad,1.0000000000000002,-0.5935761317749806,0.29290604047970875,0.06815188607392168,0.6656690022217485,0.06249014158507127
continuation_raw_t251,relchem,-0.5935761317749806,1.0,0.4782362029188536,-0.7806903382893267,-0.9868539772142807,-0.7493477418963411
continuation_raw_t251,ae17,0.29290604047970875,0.4782362029188536,1.0000000000000002,-0.9184791659146136,-0.3930152926849694,-0.9164021184195283
continuation_raw_t251,exc,0.06815188607392168,-0.7806903382893267,-0.9184791659146136,1.0,0.7193689058872392,0.9905194702552546
continuation_raw_t251,op,0.6656690022217485,-0.9868539772142807,-0.3930152926849694,0.7193689058872392,0.9999999999999999,0.7048303536780839
continuation_raw_t251,combined,0.06249014158507127,-0.7493477418963411,-0.9164021184195283,0.9905194702552546,0.7048303536780839,1.0000000000000002
