checkpoint,reaction_id,signed_error_kcal_mol,absolute_error_kcal_mol,scalar_contribution,gradient_norm,cosine_with_wtmad,diet_weight
b8_t128,ACONF-10,0.42924109706308156,0.42924109706308156,0.4750779142137463,17.781600550031335,-0.7483353380778307,30.99
b8_t128,Amino20x4-28,0.6988143646987872,0.6988143646987872,0.5817629586117403,12.177750806662294,0.9021715975407564,23.31
b8_t128,Amino20x4-54,-0.021761671202303656,0.021761671202303656,0.018116591275917793,18.96500166063302,0.7026087901641043,23.31
b8_t128,BHPERI-11,-7.014505091529664,7.014505091529664,0.6814090660343102,12.819646763714497,0.68962652136417,2.72
b8_t128,BHROT27-16,1.6664974619803843,1.6664974619803843,0.5392309644836529,10.653891617933771,0.9021755404788657,9.06
b8_t128,BHROT27-26,0.24042593104789844,0.24042593104789844,0.07779496197478429,6.835444254475548,0.7220723551881232,9.06
b8_t128,BSR36-31,-5.468163877626505,5.468163877626505,0.685473400373894,15.12022099595991,-0.7474765249880718,3.51
b8_t128,BUT14DIOL-13,0.09593444262413886,0.09593444262413886,0.06955247090250068,19.076303146466895,0.9741107026519668,20.3
b8_t128,CDIE20-9,0.6234038046142847,0.6234038046142847,0.3121471907390097,5.675166311657644,-0.6531094146511758,14.02
b8_t128,DC13-1,2.456441961820067,2.456441961820067,0.09036197216695248,1.074596232574932,-0.8111602603968795,1.03
b8_t128,DIPCS10-7,0.35386885470973084,0.35386885470973084,0.0011374356044241349,1.8757947139880027,0.2780395608333221,0.09
b8_t128,FH51-24,3.952600097709297,3.952600097709297,0.25833064924314336,4.447467480511089,0.4415451132142479,1.83
b8_t128,FH51-30,1.2203881094164508,1.2203881094164508,0.07976108000828948,8.101284706377688,0.9585937734516187,1.83
b8_t128,G21EA-14,0.09127971141714042,0.09127971141714042,0.005509382581963118,9.94125534653503,0.6498195036898033,1.69
b8_t128,HAL59-40,0.18904025750651465,0.18904025750651465,0.08358279956895184,7.122621152464865,0.5442851656871607,12.38
b8_t128,HAL59-57,-0.081362325654883,0.081362325654883,0.03597377112883755,5.979575265857143,-0.5775838399924287,12.38
b8_t128,HEAVY28-16,0.5352807940555,0.5352807940555,0.8753752699929052,13.799854442497274,0.7814403717836242,45.79
b8_t128,MB16-43-10,8.60746872887595,8.60746872887595,0.03688915169518264,7.990483016910404,0.9445012909487807,0.12
b8_t128,MCONF-1,-0.13153712367231135,0.13153712367231135,0.05369533298480424,4.3701577446022,-0.3597613183517936,11.43
b8_t128,PNICO23-16,0.15580084390462878,0.15580084390462878,0.07400540085469867,3.6821221907102455,0.5593013727569321,13.3
b8_t128,PX13-9,-9.40399648761531,9.40399648761531,0.5709569296052152,12.39567150997444,0.7973308681446021,1.7
b8_t128,S66-6,0.8147958479163124,0.8147958479163124,0.3026384577974875,13.895294530431705,0.962607859485352,10.4
b8_t128,S66-50,-0.09698756733322922,0.09698756733322922,0.03602395358091371,4.641929527005719,-0.7525188122016297,10.4
b8_t128,SIE4x4-15,33.13824586681272,33.13824586681272,2.000129839818339,6.386661754358643,0.8232629865695177,1.69
b8_t128,W4-11-30,-1.6155403799713781,1.6155403799713781,0.010962595435520067,0.5510813001849167,-0.3781270406039083,0.19
b8_t128,W4-11-57,3.161736856193613,3.161736856193613,0.021454642952742378,3.8186741244195903,0.9818530609193635,0.19
b8_t128,W4-11-132,31.040559021145356,31.040559021145356,0.21063236478634348,4.455823855329164,0.9727862070688984,0.19
b8_t128,WCPT18-15,-15.706160351492265,15.706160351492265,0.9087135631934811,15.071808058004352,0.9114106526674335,1.62
continuation_raw_t251,ACONF-10,0.5056834796522793,0.5056834796522793,0.5596832512294334,17.951566461805886,-0.5873429113494746,30.99
continuation_raw_t251,Amino20x4-28,0.7417306241008701,0.7417306241008701,0.6174907445639743,12.244002771216389,0.846633768980325,23.31
continuation_raw_t251,Amino20x4-54,0.02274998277033058,0.02274998277033058,0.018939360656300204,19.12013157427809,-0.497736508951257,23.31
continuation_raw_t251,BHPERI-11,-6.576759910110148,6.576759910110148,0.6388852484107002,12.94988438272982,0.6921208098128917,2.72
continuation_raw_t251,BHROT27-16,1.656359882356604,1.656359882356604,0.5359507333625297,10.751263323235795,0.811884303984866,9.06
continuation_raw_t251,BHROT27-26,0.230482947848909,0.230482947848909,0.07457769669682555,6.83703612759068,0.6265009197705871,9.06
continuation_raw_t251,BSR36-31,-5.913828995822829,5.913828995822829,0.7413407062620759,15.188076201241683,-0.6366983730646176,3.51
continuation_raw_t251,BUT14DIOL-13,0.046494157759074284,0.046494157759074284,0.03370826437532885,19.131360405829014,0.907967880147535,20.3
continuation_raw_t251,CDIE20-9,0.6335931895183373,0.6335931895183373,0.3172491613231103,5.609103103342519,-0.6818292288504744,14.02
continuation_raw_t251,DC13-1,2.4746712208177915,2.4746712208177915,0.09103254848008305,1.0845345227875962,-0.8282629928383998,1.03
continuation_raw_t251,DIPCS10-7,0.15640423574950546,0.15640423574950546,0.0005027279006234104,1.8829559103153066,0.19606161469658795,0.09
continuation_raw_t251,FH51-24,4.243666700946392,4.243666700946392,0.27735393081185344,4.478107989870187,0.47837807529265813,1.83
continuation_raw_t251,FH51-30,1.203418882143998,1.203418882143998,0.07865201979726844,8.115644864586553,0.9279759324210122,1.83
continuation_raw_t251,G21EA-14,-0.001276164920344769,0.001276164920344769,7.702566840652356e-05,9.940119264930745,-0.568915077720666,1.69
continuation_raw_t251,HAL59-40,0.07328542176575192,0.07328542176575192,0.03240262576642889,7.1102368541494245,0.5135539484326641,12.38
continuation_raw_t251,HAL59-57,-0.17476092788725106,0.17476092788725106,0.07726929597300601,5.964807742271582,-0.5227546198996428,12.38
continuation_raw_t251,HEAVY28-16,0.495119889767732,0.495119889767732,0.8096978483023017,13.835896229398674,0.7194096483992121,45.79
continuation_raw_t251,MB16-43-10,7.346217921751922,7.346217921751922,0.031483791093222524,7.960717510335155,0.919368983557691,0.12
continuation_raw_t251,MCONF-1,-0.19514751066753014,0.19514751066753014,0.07966200167606677,4.30020495311232,-0.16395897867746884,11.43
continuation_raw_t251,PNICO23-16,0.10211635607808378,0.10211635607808378,0.0485052691370898,3.6702190342482006,0.5173641897723376,13.3
continuation_raw_t251,PX13-9,-9.251275980532164,9.251275980532164,0.5616846131037385,12.531133838808831,0.7960375981028411,1.7
continuation_raw_t251,S66-6,0.7254810199201112,0.7254810199201112,0.2694643788274699,13.917324891185727,0.9011552295996116,10.4
continuation_raw_t251,S66-50,-0.1596011487472344,0.1596011487472344,0.059280426677544205,4.654688169691183,-0.6883612864205388,10.4
continuation_raw_t251,SIE4x4-15,33.06308827443598,33.06308827443598,1.995593542278457,6.439193937712804,0.8258869636646122,1.69
continuation_raw_t251,W4-11-30,-1.870373871829571,1.870373871829571,0.012691822701700661,0.5493007886314895,-0.33165954525566704,0.19
continuation_raw_t251,W4-11-57,2.8374095623728124,2.8374095623728124,0.01925385060181551,3.8229313645224514,0.9397818998097198,0.19
continuation_raw_t251,W4-11-132,30.5555499479552,30.5555499479552,0.20734123178969602,4.458843652332171,0.9326011444760428,0.19
continuation_raw_t251,WCPT18-15,-15.50867626415048,15.50867626415048,0.8972876981401351,15.062723102780653,0.8884706435568963,1.62
