checkpoint,gradient,block,squared_norm_share,cosine_with_wtmad
b8_t128,wtmad,exchange,0.9765511328082571,0.9999999999999999
b8_t128,wtmad,correlation,0.0021906099021090485,0.9999999999999999
b8_t128,wtmad,normalization,0.021258257289633924,1.0000000000000002
b8_t128,wtmad,remaining,0.0,
b8_t128,relchem,exchange,0.9664750201066737,-0.5888226946733931
b8_t128,relchem,correlation,0.003828098954821608,0.7175562136353492
b8_t128,relchem,normalization,0.029696880938504738,0.4033709252061606
b8_t128,relchem,remaining,0.0,
b8_t128,ae17,exchange,0.9245720674383711,0.02096008371199747
b8_t128,ae17,correlation,0.00027335780566973937,-0.5876081014789856
b8_t128,ae17,normalization,0.07515457475595964,-0.7102854534288158
b8_t128,ae17,remaining,0.0,
b8_t128,exc,exchange,0.9250084903798227,0.028497485060113324
b8_t128,exc,correlation,0.00033254163172011014,-0.6032588670317316
b8_t128,exc,normalization,0.07465896798845727,-0.708318628348734
b8_t128,exc,remaining,0.0,
b8_t128,op,exchange,0.9760355453954084,0.6681003992002028
b8_t128,op,correlation,0.00026674862918060267,-0.557354565457048
b8_t128,op,normalization,0.02369770597541097,-0.36682234131518454
b8_t128,op,remaining,0.0,
b8_t128,combined,exchange,0.9225988586791246,0.003149115386809189
b8_t128,combined,correlation,0.00030010120184490656,0.3615790830769763
b8_t128,combined,normalization,0.07710104011903066,-0.7255713111365738
b8_t128,combined,remaining,0.0,
continuation_raw_t251,wtmad,exchange,0.9742554288081076,0.9999999999999999
continuation_raw_t251,wtmad,correlation,0.0012842116148671647,1.0
continuation_raw_t251,wtmad,normalization,0.024460359577025286,1.0
continuation_raw_t251,wtmad,remaining,0.0,
continuation_raw_t251,relchem,exchange,0.9673983420412483,-0.6187436047237543
continuation_raw_t251,relchem,correlation,0.003070612406197607,0.25614486432024774
continuation_raw_t251,relchem,normalization,0.029531045552553942,0.24573253976552586
continuation_raw_t251,relchem,remaining,0.0,
continuation_raw_t251,ae17,exchange,0.925266901842431,0.2773842240198389
continuation_raw_t251,ae17,correlation,0.00012098238296363528,0.25089605918082397
continuation_raw_t251,ae17,normalization,0.07461211577460555,0.6892715352089649
continuation_raw_t251,ae17,remaining,0.0,
continuation_raw_t251,exc,exchange,0.925643041268885,0.0977520411622135
continuation_raw_t251,exc,correlation,0.0002869588513026804,-0.2429200765442319
continuation_raw_t251,exc,normalization,0.07406999987981235,-0.5762886307521764
continuation_raw_t251,exc,remaining,0.0,
continuation_raw_t251,op,exchange,0.9767023393321951,0.68776511365488
continuation_raw_t251,op,correlation,0.00023735764110906387,-0.15661889928464873
continuation_raw_t251,op,normalization,0.02306030302669594,-0.21660388551025292
continuation_raw_t251,op,remaining,0.0,
continuation_raw_t251,combined,exchange,0.9227261506709004,0.09321275594459573
continuation_raw_t251,combined,correlation,0.00158964247290422,0.21272054151525882
continuation_raw_t251,combined,normalization,0.07568420685619541,-0.6087580014846837
continuation_raw_t251,combined,remaining,0.0,
