avrane,avrane_grad,avrane_lapl,avrane_rho,clip_fraction_e161_240,clip_fraction_e1_72,clip_fraction_e241_280,clip_fraction_e281_420,clip_fraction_e421_440,clip_fraction_e441_500,clip_fraction_e73_160,clipped_epochs,conceptual_phases,exc_e161_240,exc_e1_72,exc_e241_280,exc_e281_420,exc_e421_440,exc_e441_500,exc_e73_160,family,final_exc,final_reaction,final_sum_epochs,final_vxc,guard,history_path,late_repair_end,late_repair_epochs,late_repair_onset,manifest_path,mean_exc,mean_reaction,mean_vxc,raw_segments,reaction_e161_240,reaction_e1_72,reaction_e241_280,reaction_e281_420,reaction_e421_440,reaction_e441_500,reaction_e73_160,repair_end_design,run,scf_converged,scf_total,train_exc_delta_e161_240,train_exc_delta_e1_72,train_exc_delta_e241_280,train_exc_delta_e281_420,train_exc_delta_e421_440,train_exc_delta_e441_500,train_exc_delta_e73_160,train_exc_final,train_exc_mean_e161_240,train_exc_mean_e1_72,train_exc_mean_e241_280,train_exc_mean_e281_420,train_exc_mean_e421_440,train_exc_mean_e441_500,train_exc_mean_e73_160,train_exc_mean_last20,train_exc_min,train_exc_slope_last20,train_exc_std_last20,train_fchem_delta_e161_240,train_fchem_delta_e1_72,train_fchem_delta_e241_280,train_fchem_delta_e281_420,train_fchem_delta_e421_440,train_fchem_delta_e441_500,train_fchem_delta_e73_160,train_fchem_final,train_fchem_mean_e161_240,train_fchem_mean_e1_72,train_fchem_mean_e241_280,train_fchem_mean_e281_420,train_fchem_mean_e421_440,train_fchem_mean_e441_500,train_fchem_mean_e73_160,train_fchem_mean_last20,train_fchem_min,train_fchem_slope_last20,train_fchem_std_last20,train_vxc_delta_e161_240,train_vxc_delta_e1_72,train_vxc_delta_e241_280,train_vxc_delta_e281_420,train_vxc_delta_e421_440,train_vxc_delta_e441_500,train_vxc_delta_e73_160,train_vxc_final,train_vxc_mean_e161_240,train_vxc_mean_e1_72,train_vxc_mean_e241_280,train_vxc_mean_e281_420,train_vxc_mean_e421_440,train_vxc_mean_e441_500,train_vxc_mean_e73_160,train_vxc_mean_last20,train_vxc_min,train_vxc_slope_last20,train_vxc_std_last20,val_exc_delta_e161_240,val_exc_delta_e1_72,val_exc_delta_e241_280,val_exc_delta_e281_420,val_exc_delta_e421_440,val_exc_delta_e441_500,val_exc_delta_e73_160,val_exc_final,val_exc_mean_e161_240,val_exc_mean_e1_72,val_exc_mean_e241_280,val_exc_mean_e281_420,val_exc_mean_e421_440,val_exc_mean_e441_500,val_exc_mean_e73_160,val_exc_mean_last20,val_exc_min,val_exc_slope_last20,val_exc_std_last20,val_fchem_delta_e161_240,val_fchem_delta_e1_72,val_fchem_delta_e241_280,val_fchem_delta_e281_420,val_fchem_delta_e421_440,val_fchem_delta_e441_500,val_fchem_delta_e73_160,val_fchem_final,val_fchem_mean_e161_240,val_fchem_mean_e1_72,val_fchem_mean_e241_280,val_fchem_mean_e281_420,val_fchem_mean_e421_440,val_fchem_mean_e441_500,val_fchem_mean_e73_160,val_fchem_mean_last20,val_fchem_min,val_fchem_slope_last20,val_fchem_std_last20,val_vxc_delta_e161_240,val_vxc_delta_e1_72,val_vxc_delta_e241_280,val_vxc_delta_e281_420,val_vxc_delta_e421_440,val_vxc_delta_e441_500,val_vxc_delta_e73_160,val_vxc_final,val_vxc_mean_e161_240,val_vxc_mean_e1_72,val_vxc_mean_e241_280,val_vxc_mean_e281_420,val_vxc_mean_e421_440,val_vxc_mean_e441_500,val_vxc_mean_e73_160,val_vxc_mean_last20,val_vxc_min,val_vxc_slope_last20,val_vxc_std_last20,vxc_e161_240,vxc_e1_72,vxc_e241_280,vxc_e281_420,vxc_e421_440,vxc_e441_500,vxc_e73_160,wtmad
0.4799438972067495,,,,0.0,1.0,0.0,0.0,0.0,0.0,0.0,72,5,1.0,1.0,1.0,1.0,1.0,1.0,1.0,reference,1.0,1.0,428,5.0,,C:\Dev\readWFN_share_ms\replay_trial_19_bridge_500_exc_kcal_6_32_d3_mrks_gc_svelu_mirror\trials\trial_19.json,,0,,,1.0,0.9424,25.44,5,1.0,0.6,1.0,1.0,1.0,1.0,1.0,,baseline,0,0,-0.4999072510624041,-13.571695386093355,-0.2761233018740987,-0.9516325525754874,0.0,-0.11107402439192893,-4.257482484417795,0.9535128993445228,3.5523990637312117,13.830659969540097,2.5712559364830847,1.6928744144958447,1.1536431936772875,1.001752913168531,6.4851980817015535,0.9521563453477452,0.9436552281662295,-0.0007903832278768064,0.006923922784866486,-1.2386389437189038,-14.205935323649427,-0.5056332576552407,-0.6740166886049366,0.0,-0.4518890897686205,-6.0561369493728066,37.41884507421101,39.66770355694798,54.226742617764984,38.761157208142215,38.002941106245125,37.66380265693187,37.415381612677365,45.2680992928863,37.16283556231643,36.12306513029235,-0.01833456636276923,0.6189722382307626,0.000733819738164665,-0.00562617499549109,0.0005151031253574079,0.0004503765621700906,0.0,-0.0002924188837274688,-0.013447389946327548,0.14577934333870002,0.14468116792472635,0.16417939932616027,0.1453166237822524,0.14678250083285102,0.14656407124287374,0.1462942593090527,0.15137794103708352,0.14609921171858503,0.1431075517121736,1.920442840218522e-05,0.00040366351789746934,-0.7289377802703116,-9.966888419489068,-0.3698324058877098,-1.2184946961628065,0.0,-0.10730356170071509,-4.865236578129397,0.9518848257329727,3.8771453197764023,13.103767532538853,2.7597661526507804,1.7365902986269148,1.1146138770421345,0.9995738199710846,7.297210033312289,0.9511450877785682,0.9205997284253438,1.217377321262771e-05,0.010321319838637832,-0.17878138697858503,-9.70389043082043,-0.6761882890812743,-3.1432292492970504,0.0,-0.3463028168622415,-2.590249849211375,39.19863346618304,44.921677757717774,51.57115908618756,43.39856821224781,41.444678599806544,40.12301716514346,39.403306312646556,48.08043438467593,39.29960267841232,38.4824071674418,-0.0013433686974152453,0.08409010961675256,0.0011448167264461462,-0.0068088226020336096,0.0006108164787292647,0.00021121278405189514,0.0,-0.00018634796142580345,-0.01530139669775965,0.1551448255777359,0.15331464372575282,0.17595433278216255,0.15425461083650588,0.15571980902126858,0.15550195127725602,0.1552548830707868,0.16077367707409643,0.15516584292054175,0.1512114405632019,-2.4050138050452212e-06,1.4510650599010866e-05,20.0,75.0,15.0,8.571428571428571,5.0,5.0,40.0,7.097
0.47593623711588057,0.3946941575923996,0.5698687791438171,0.46324577461142497,0.0,1.0,0.0,0.0,0.0,0.0,0.0,72,5,1.0,1.0,1.0,1.0,1.0,1.0,1.0,micro,1.0,1.0,428,5.0,,C:\Dev\readWFN_share_ms\replay_trial_19_micro_h1_sum_repair_plus15_finish_minus15_gc_svelu_mirror\trials\trial_19.json,,0,,C:\Dev\readWFN_share_ms\experiments\20260728T174506Z_pbel-gc-svelu-mirror-micro-h1-sum-repair-avrane\manifest.json,1.0,0.9424,26.49,5,1.0,0.6,1.0,1.0,1.0,1.0,1.0,,m1,84,84,-0.6857863820505443,-13.571695386093355,-0.6561125058652486,-0.9050255877786573,0.0,-0.1038418390702226,-4.257482484417795,0.9612970610406286,3.4766205362618257,13.830659969540097,2.678598786695713,1.6728606445988252,1.1918913662647563,1.0067470456670107,6.4851980817015535,0.9612000568332218,0.9520546934857346,-0.0010198656127897567,0.010437830219703612,-1.4643263335847152,-14.205935323649427,-0.5421356046276884,-0.295602297384697,0.0,-0.4211497144930476,-6.0561369493728066,37.47035361541347,39.67207676440658,54.226742617764984,38.62404854422932,37.949706616552675,37.69395487213388,37.38350735559991,45.2680992928863,37.14981036268054,36.18854996861233,-0.022089584226212506,0.6217073147085019,0.0009505937765310613,-0.00562617499549109,-0.00025075276692709814,0.00022605432046426954,0.0,-0.0002564374391023083,-0.013447389946327548,0.14372739705953513,0.14280130873929273,0.16417939932616027,0.14360199146442584,0.14481985627300797,0.14441700325355872,0.14420956892294212,0.15137794103708352,0.144034971202816,0.1415108517483548,1.9131631844090426e-05,0.000393692535151696,-0.5781608995053502,-9.966888419489068,-0.7376749997946948,-0.9634413611465034,0.0,-0.08195631601810471,-4.865236578129397,0.9692063301934135,3.8537883016576373,13.103767532538853,3.1435596578869553,1.7208040769514585,1.1664237935026487,1.0139662945985795,7.297210033312289,0.970258586654398,0.9399492785135904,-0.0005933152098603908,0.012817604402566869,-0.660278826080571,-9.70389043082043,-0.8389071149572516,-2.365259364243286,0.0,-0.21329271585341303,-2.590249849211375,39.879125793683336,45.178220594588076,51.57115908618756,43.802426334919865,41.90118351125909,40.813696858707104,39.931590213395666,48.08043438467593,39.853748962248886,39.23823847452033,-0.009812901106048178,0.09861983146494886,0.001370890438556649,-0.0068088226020336096,-0.00036983340978624657,4.0368735790247134e-05,0.0,-0.0001508474349975475,-0.01530139669775965,0.15281270444393158,0.15113329477608203,0.17595433278216255,0.15230493247509003,0.1534903760467257,0.15308644622564316,0.1528910274306933,0.16077367707409643,0.15282317996025085,0.14921650290489197,-1.3337995772971246e-06,9.084381434355167e-06,23.75,75.0,18.75,9.107142857142858,5.0,5.0,40.0,7.139
0.477475558841933,0.3962144983689941,0.5711447128783629,0.46506746527844195,0.0,1.0,0.0,0.0,0.0,0.0,0.0,72,5,1.0,1.0,1.0,1.0,1.0,1.0,1.0,micro,1.0,1.0,428,5.0,,C:\Dev\readWFN_share_ms\replay_trial_19_micro_h2_fchem_polish_plus20_finish_minus20_gc_svelu_mirror\trials\trial_19.json,,0,,C:\Dev\readWFN_share_ms\experiments\20260728T174508Z_pbel-gc-svelu-mirror-micro-h2-fchem-polish-avrane\manifest.json,1.0,0.9424,26.04,5,1.0,0.6,1.0,1.0,1.0,1.0,1.0,,m2,82,84,-0.4999072510624041,-13.571695386093355,-0.5601443912585351,-1.0368931880788923,0.0,-0.10659402750487346,-4.257482484417795,0.949794196260173,3.5523990637312117,13.830659969540097,2.4292453917908667,1.6798996170823435,1.1611386789393299,0.9973026157690934,6.4851980817015535,0.9502398804468241,0.941224249958489,-0.0008278582728226664,0.008622046834041698,-1.2386389437189038,-14.205935323649427,-0.5069026506576435,-0.7691486791531119,0.0,-0.43416360515146124,-6.0561369493728066,37.380736631185826,39.66770355694798,54.226742617764984,38.760522511641014,37.93360130533461,37.58263167659439,37.34515893875964,45.2680992928863,37.098770853993166,36.0372070821222,-0.0186533660166736,0.6107532849410834,0.000733819738164665,-0.00562617499549109,-0.0008671459850964347,0.00027271820618224307,0.0,-0.000251795794512788,-0.013447389946327548,0.14389492584778382,0.14468116792472635,0.16417939932616027,0.14462549922702547,0.1449896711793799,0.14456629667196189,0.1443782273713533,0.15137794103708352,0.14420397689750603,0.1431075517121736,1.9251695454770855e-05,0.0003956490910335305,-0.7289377802703116,-9.966888419489068,-0.35944282787640924,-1.0546003497838972,0.0,-0.12362434200710715,-4.865236578129397,0.9377882462872399,3.8771453197764023,13.103767532538853,2.7649609416564305,1.7678233886754704,1.1619255218068758,1.0018251722622802,7.297210033312289,0.9466368420879047,0.9113571598264907,-0.0008147928908952825,0.009808219618661672,-0.17878138697858503,-9.70389043082043,-0.4793125763236219,-3.1341595046026995,0.0,-0.3442888312351755,-2.590249849211375,39.56853440679489,44.921677757717774,51.57115908618756,43.49700606862664,41.52183090339225,40.42144142187293,39.65675732529514,48.08043438467593,39.51944236338183,38.31297038493598,0.00020260331932417473,0.07809676950517704,0.0011448167264461462,-0.0068088226020336096,-0.0009709984064102117,6.898120045661926e-05,0.0,-0.0001416772603988481,-0.01530139669775965,0.15301185846328735,0.15331464372575282,0.17595433278216255,0.15346370339393617,0.15370526303138052,0.15327325835824013,0.15309067194660506,0.16077367707409643,0.15302389562129975,0.1512114405632019,-1.4770299868476123e-06,9.234304536239254e-06,20.0,75.0,20.0,9.285714285714286,5.0,5.0,40.0,7.069
0.4787958317596129,0.39739993599892703,0.5718394174607112,0.46714814181920045,0.0,1.0,0.0,0.0,0.0,0.0,0.0,72,5,1.0,1.0,1.0,1.0,1.0,1.0,1.0,micro,1.0,1.0,428,7.0,,C:\Dev\readWFN_share_ms\replay_trial_19_micro_h3_finish_vxc7_gc_svelu_mirror\trials\trial_19.json,,0,,C:\Dev\readWFN_share_ms\experiments\20260728T174510Z_pbel-gc-svelu-mirror-micro-h3-finish-vxc7-avrane\manifest.json,1.0,0.9424,25.92,5,1.0,0.6,1.0,1.0,1.0,1.0,1.0,,m3,83,84,-0.4999072510624041,-13.571695386093355,-0.2761233018740987,-0.9878141564211069,0.0,-0.09978236367523419,-4.257482484417795,0.952816767019538,3.5523990637312117,13.830659969540097,2.5712559364830847,1.6863792673951397,1.1615619385900842,0.9982660656434678,6.4851980817015535,0.9538876469779582,0.9454199563386003,-0.000997364609266495,0.008533809525692822,-1.2386389437189038,-14.205935323649427,-0.5056332576552407,-0.6478373255631098,0.0,-0.4369750268679127,-6.0561369493728066,37.34347027130406,39.66770355694798,54.226742617764984,38.761157208142215,38.00770252341117,37.66218812423031,37.353438696034075,45.2680992928863,37.11494471266289,36.088959379459986,-0.02078642730520903,0.6173244029185737,0.000733819738164665,-0.00562617499549109,0.0005151031253574079,0.00014188525912997574,0.0,-0.00035219364338096026,-0.013447389946327548,0.14520335841823268,0.14468116792472635,0.16417939932616027,0.1453166237822524,0.14672046560731786,0.14611387338724222,0.1457427649168639,0.15137794103708352,0.14552423717739343,0.1431075517121736,1.8682365518254764e-05,0.00040024168991613287,-0.7289377802703116,-9.966888419489068,-0.3698324058877098,-1.2120099371512731,0.0,-0.07530698609087205,-4.865236578129397,0.9424760238859388,3.8771453197764023,13.103767532538853,2.7597661526507804,1.7370106312687434,1.025198675178157,0.99281533021088,7.297210033312289,0.9483108108970854,0.917175323512819,-0.00027757202824056653,0.00878430655383366,-0.17878138697858503,-9.70389043082043,-0.6761882890812743,-3.1210969740801247,0.0,-0.31357010258958695,-2.590249849211375,39.357485910098376,44.921677757717774,51.57115908618756,43.39856821224781,41.460825628712925,40.508659853717894,39.41742901233579,48.08043438467593,39.301212498957156,38.762835258002966,-0.00527288356022152,0.0889826691222444,0.0011448167264461462,-0.0068088226020336096,0.0006108164787292647,-0.00012744218111038208,0.0,-0.0002543039619922749,-0.01530139669775965,0.15450209379196167,0.15331464372575282,0.17595433278216255,0.15425461083650588,0.1556472367474011,0.15500551983714103,0.15463625763853392,0.16077367707409643,0.15452202409505844,0.1512114405632019,-2.599457152804038e-06,1.552231760576687e-05,20.0,75.0,15.0,9.142857142857142,7.0,7.0,40.0,7.074
0.4763439170222483,0.39522130496636076,0.569547907943526,0.4642625381568581,0.0,1.0,0.0,0.0,0.0,0.0,0.0,72,5,1.0,1.0,1.0,1.0,1.0,1.0,1.0,micro,1.0,1.0,428,7.0,,C:\Dev\readWFN_share_ms\replay_trial_19_micro_h4_drive12_finish7_gc_svelu_mirror\trials\trial_19.json,,0,,C:\Dev\readWFN_share_ms\experiments\20260728T174511Z_pbel-gc-svelu-mirror-micro-h4-drive12-finish7-avrane\manifest.json,1.0,0.9424,26.4,5,1.0,0.6,1.0,1.0,1.0,1.0,1.0,,m4,84,84,-0.4999072510624041,-13.571695386093355,-0.29004392454374095,-0.9870871926313489,0.0,-0.10846424444659286,-4.257482484417795,0.953963897850864,3.5523990637312117,13.830659969540097,2.564295625148264,1.6696382327828847,1.171824723904575,0.9976372210799944,6.4851980817015535,0.9500251807438387,0.9411772277170473,-0.0006563043199342588,0.007128628492628642,-1.2386389437189038,-14.205935323649427,-0.6191921879050213,-0.7574732944142255,0.0,-0.40417075289863647,-6.0561369493728066,37.37683212195493,39.66770355694798,54.226742617764984,38.704377743017325,38.00587389185453,37.569161800577874,37.33317182064346,45.2680992928863,37.10040881578077,35.95283453531749,-0.019173583446620256,0.6307121945978084,0.000733819738164665,-0.00562617499549109,0.0002673797779255138,-0.0007759618329572227,0.0,-0.00032273627616263845,-0.013447389946327548,0.14403257284078513,0.14468116792472635,0.16417939932616027,0.14519276210853643,0.14570367597091458,0.1448686814522958,0.14455419116550022,0.15137794103708352,0.14434989207499735,0.1431075517121736,1.851976995811175e-05,0.0003954407965200093,-0.7289377802703116,-9.966888419489068,-0.49332209896379053,-1.1554740094449785,0.0,-0.11101721246507434,-4.865236578129397,0.9610609010325537,3.8771453197764023,13.103767532538853,2.69802130611274,1.7875980209269222,1.1456147154953746,0.9977507953493684,7.297210033312289,0.9445672381480534,0.9178735031551786,-0.00011228868433507448,0.010590557816563517,-0.17878138697858503,-9.70389043082043,-0.675844386496081,-3.0770388248653546,0.0,-0.2449970133046051,-2.590249849211375,39.38008068273252,44.921677757717774,51.57115908618756,43.39874016354041,41.48410571538443,40.22117597286692,39.43958552691347,48.08043438467593,39.3499858077501,38.9142567167994,0.003154721596065419,0.07715297902874316,0.0011448167264461462,-0.0068088226020336096,0.00034350678324698847,-0.0010987550020217784,0.0,-0.00022250860929490246,-0.01530139669775965,0.15315738320350647,0.15331464372575282,0.17595433278216255,0.15412095598876477,0.15448213475091116,0.15358420088887215,0.15328240593274434,0.16077367707409643,0.1531819999217987,0.1512114405632019,-2.4705004871339727e-06,1.494400451642573e-05,20.0,75.0,16.0,10.571428571428571,7.0,7.0,40.0,7.109
0.4765748046116827,0.39526988969569954,0.5698792784342304,0.4645752457051183,0.0,0.8611111111111112,0.0,0.0,0.0,0.0,0.0,62,5,1.0,1.0,1.0,1.0,1.0,1.0,1.0,micro,1.0,1.0,438,5.0,,C:\Dev\readWFN_share_ms\replay_trial_19_micro_h5_clip_minus10_sum_plus10_gc_svelu_mirror\trials\trial_19.json,,0,,C:\Dev\readWFN_share_ms\experiments\20260728T174513Z_pbel-gc-svelu-mirror-micro-h5-clip-minus10-sum-plus10-avrane\manifest.json,1.0,0.9504,24.74,5,1.0,0.6555555555555554,1.0,1.0,1.0,1.0,1.0,,m5,84,84,-1.24731991164147,-13.163788648404452,-0.2766922447887179,-0.8870602267457246,0.0,-0.10283260680038353,-4.302649530673397,0.945954975049778,3.661337521227298,13.943967396675903,2.5297821295390026,1.6136573694669638,1.1509514999985582,0.9915331475375168,6.172096698037362,0.9458527363720954,0.9376555784444159,-0.0006876069270377645,0.006832114669746246,-1.4855030432341536,-14.294468350840198,-0.4044348930468189,-0.6529774118915626,0.0,-0.37085735892109284,-7.126559796802098,37.66011943908048,39.66505290673729,54.20215011021199,38.674538756117656,38.09934933470218,37.86077398527091,37.5922356799807,44.79140088444604,37.37525460997362,36.17738337679828,-0.022198145964342202,0.6345041807853334,0.0008196409758146894,-0.006623633273013019,0.0004936424461570998,0.0001842163704537103,0.0,-0.0002540837537061136,-0.012534311655405417,0.1446903675526112,0.14390146990080138,0.1639023275824042,0.1444661995312115,0.14558470700238202,0.1453609071336351,0.14517377847665783,0.148888010748286,0.14499882964400557,0.1415614738120689,1.9678507185172472e-05,0.00039912093380589013,-0.9894319294995735,-8.397353986145394,-0.784516204467085,-0.5576925996568469,0.0,-0.08814517984787629,-4.817170234417915,0.951452619287703,4.0252666244016755,13.539749319578762,2.8747671449085077,1.5965202639012108,1.129840842575497,1.0035346041644062,8.279464917882223,0.9582964421153068,0.9275482781993021,-0.0003407406625492719,0.006323869994872561,-0.9868855298014054,-9.482779343303626,-1.126914950162508,-2.591665705096979,0.0,-0.1799819158838858,-3.602062549820282,39.52161012858282,45.17989014825873,51.63257883272,43.65713322618014,41.323169743391205,40.291030589020906,39.44257684213048,48.91950073326826,39.37469444494384,38.324094705184834,0.0017864638505338958,0.09242984251767285,0.0013092517852783259,-0.0076648436486721205,0.00064131319522856,-1.8790364265386383e-06,0.0,-0.000142923742532719,-0.01394194141030311,0.15391123294830322,0.15229720287024975,0.1757165491580963,0.15315523669123648,0.15434449602450642,0.1541355051100254,0.15398409391442935,0.15773177790370854,0.1539185345172882,0.1496838629245758,-1.2687946620740389e-06,8.0879448139503e-06,20.0,70.13888888888889,15.0,8.571428571428571,5.0,5.0,40.0,7.289
0.4730631578069074,0.3914602483985053,0.5686981801760529,0.459031044846164,0.875,1.0,1.0,0.0,0.0,0.0,0.0,182,5,2.8125,1.0,3.0,1.5,1.0,1.0,1.5,repair,1.0,1.0,220,7.0,,C:\Dev\readWFN_share_ms\replay_trial_19_schedule_h6_exc_repair_compressed_gc_svelu_mirror\trials\trial_19.json,280,80,201,C:\Dev\readWFN_share_ms\experiments\20260731T125700Z_pbel-gc-svelu-h6-exc-repair-avrane\manifest.json,1.678,0.8677999999999999,35.02,5,0.76875,0.6,0.75,1.0,1.0,1.0,0.9,,h6,84,84,2.4237930618997465,-13.571695386093355,2.084981752875997,-2.7670635485761164,0.0,-0.11980798503183743,-5.412460585212933,1.0558959065754974,5.209009789699194,13.830659969540097,10.878234913144702,2.187650962537595,1.2547784662422368,1.1174708257559651,6.290685710930304,1.064788881292099,1.0500323485605518,-0.0014735714314518995,0.010821475955669704,-5.758379159400484,-14.205935323649427,0.24553615046414023,-0.04903412313448996,0.0,-0.16914889145228784,-5.385429101753047,37.017135682105,38.41379949087632,54.226742617764984,37.129538658958346,36.80590685877465,36.61663018614195,36.41403620175335,46.25201271075795,36.333299948222695,34.00968586689521,0.008380661578005025,0.21365984357572712,-0.003737637803361199,-0.00562617499549109,-0.0019608175432359876,-0.002805602872693852,0.0,-0.00028607694952334506,-0.012200700914537593,0.1390689128154033,0.14313894574706618,0.16417939932616027,0.13777881807035156,0.1420918592308172,0.13984359320219572,0.13955603547998377,0.1519844098524614,0.13937124690494024,0.1352387419692031,1.7195226603033295e-05,0.0003703311737785271,2.698293097473514,-9.966888419489068,2.6231772796180515,-2.83873027020163,0.0,0.006619407942559885,-5.336755524261792,1.2379057525528803,6.232652576424347,13.103767532538853,12.153735006949637,2.296685206196043,1.279563804546992,1.2321197272945335,6.215236356792727,1.232838963148329,1.1127986099720002,0.0010278464208569496,0.012841104284692971,-2.6950014127607176,-9.70389043082043,2.1500840049916192,-1.7208446923622134,0.0,-0.357842173732962,-2.270094931294196,41.5537098362565,44.169624377847114,51.57115908618756,45.455188550883584,43.116116989443036,42.24627072511948,41.561058369704185,47.88952494749815,41.404159604621455,37.49174844895705,-0.0009067939030962344,0.07623215176841587,-0.003931562602519978,-0.0068088226020336096,-0.0023017913103103582,-0.0035779550671577454,0.0,-0.00018142089247705218,-0.01331652477383613,0.14747902750968933,0.1514872547239065,0.17595433278216255,0.14562625661492348,0.15040287875703404,0.14786240980029106,0.1475758229692777,0.16135963408107107,0.14749402701854705,0.14057859778404236,-2.157195170122878e-06,1.4084054149777148e-05,36.875,75.0,35.0,20.0,7.0,7.0,50.0,7.058
0.46742035163997014,0.38815981837310903,0.5604620900744368,0.45363914647236453,0.0,1.0,0.0,0.0,0.0,0.0,0.0,72,5,2.8125,1.0,3.0,1.5,1.0,1.0,1.5,repair,1.0,1.0,428,7.0,,C:\Dev\readWFN_share_ms\replay_trial_19_schedule_h7_exc_repair_smooth_gc_svelu_mirror\trials\trial_19.json,,0,,C:\Dev\readWFN_share_ms\experiments\20260731T125702Z_pbel-gc-svelu-h7-exc-smooth-avrane\manifest.json,1.678,0.8677999999999999,35.02,5,0.76875,0.6,0.75,1.0,1.0,1.0,0.9,,h7,83,84,-1.7481890049083058,-13.571695386093355,-0.1262863714964806,-0.3836114776012167,0.0,-0.07802116759845523,-5.412460585212933,0.9499463844365589,3.41312192677279,13.830659969540097,2.248309990975701,1.4692361469825364,1.0705928420143958,0.9851373895994252,6.290685710930304,0.9503463645853687,0.9418947084572701,-0.0009348966793867827,0.007946836473404254,-1.3191007580496787,-14.205935323649427,-0.12335858635992736,-0.9728033724457532,0.0,-0.39883754386875125,-5.385429101753047,39.052819151210066,42.37031877819398,54.226742617764984,41.52284995173882,40.53752674962419,39.79923239370122,39.46197931611999,46.25201271075795,39.231516176272734,38.0083190206936,-0.03857413412016062,0.7035455313103124,0.0041535893002072055,-0.00562617499549109,0.0006077439935357754,-0.0032327755077465326,0.0,-0.00035238351907815324,-0.012200700914537593,0.1465607720452386,0.14844041686874251,0.16417939932616027,0.15103243965286392,0.14963247564308432,0.1474991042334754,0.14710281618364582,0.1519844098524614,0.14688415613260355,0.14458755974297052,1.8681021860069798e-05,0.00040349609738363196,-2.877933057120112,-9.966888419489068,-0.3217378025240367,-0.42219255439970227,0.0,-0.046276011628574754,-5.336755524261792,0.989719513018926,4.221632557897104,13.103767532538853,2.6371259114729035,1.4772084873040516,1.0965709202845892,1.0046666525845174,6.215236356792727,0.9839811412917243,0.929809050374561,0.0009266066230926895,0.008153061458481548,-1.0497924614020917,-9.70389043082043,0.09179959349810929,-1.9073530472958282,0.0,-0.23948158712911294,-2.270094931294196,40.29704908491964,45.851255432250284,51.57115908618756,44.512136761424905,42.47532518127234,41.11661494179071,40.39730998864282,47.88952494749815,40.27953097915923,39.903214600316474,-0.009406620357441147,0.09707006306823782,0.004741019010543829,-0.0068088226020336096,0.0005661644041538294,-0.003922010958194749,0.0,-0.00024769455194473267,-0.01331652477383613,0.1559339463710785,0.1575484573841095,0.17595433278216255,0.16055537797510624,0.15879371815494128,0.15639465302228928,0.1560606191555659,0.16135963408107107,0.15595041662454606,0.15264591574668884,-2.4150860937018145e-06,1.4703870668322895e-05,36.875,75.0,35.0,20.0,7.0,7.0,50.0,7.586
0.46492867201164434,0.38571292926302114,0.5584540754644876,0.4506190113074243,0.0,1.0,0.0,0.0,0.0,0.0,0.0,72,5,1.9375,1.0,2.0,1.5,1.0,1.0,1.5,repair,1.0,1.0,428,7.0,,C:\Dev\readWFN_share_ms\replay_trial_19_schedule_h8_exc_repair_density_guard_gc_svelu_mirror\trials\trial_19.json,,0,,C:\Dev\readWFN_share_ms\experiments\20260731T125704Z_pbel-gc-svelu-h8-exc-guard-avrane\manifest.json,1.458,0.8787999999999999,36.12,5,0.8125,0.6,0.8,1.0,1.0,1.0,0.9,,h8,84,84,-0.9573781033154272,-13.571695386093355,-0.39541791640450885,-0.5530034124680998,0.0,-0.08564904149570829,-5.412460585212933,0.9546442352450539,3.4850037622912637,13.830659969540097,2.3703644471980345,1.577562356763718,1.0957596525131117,0.9936536304092896,6.290685710930304,0.9551258590842184,0.9470421555982872,-0.0006787642304170977,0.006447314635941661,-1.6785372516301962,-14.205935323649427,-0.27741624358611716,-1.0579717675489135,0.0,-0.37642510767487636,-5.385429101753047,38.302137751059256,41.69931894802323,54.226742617764984,40.72288199515632,39.795609212695,38.929788411884815,38.6927459361647,46.25201271075795,38.48323960088946,37.14819176993743,-0.040629775320587334,0.7008535312119814,0.001372955081699101,-0.00562617499549109,-0.0002540382179054279,-0.0017868359883626284,0.0,-0.00031225101367846064,-0.012200700914537593,0.14307449959419868,0.1461502270655589,0.16417939932616027,0.14635337623389993,0.14543157120929262,0.14392921559445493,0.1435878749366279,0.1519844098524614,0.14338888649467948,0.14258544509475296,1.7909968778675615e-05,0.00038890402520158683,-0.7576562362260288,-9.966888419489068,-0.15613291602134716,-0.35958578846984457,0.0,-0.03340457122193452,-5.336755524261792,1.0043480388588375,4.34674510305855,13.103767532538853,2.566636364914311,1.513508841709296,1.1125359614398744,1.0083891691221132,6.215236356792727,0.9954695210735004,0.9380542194843291,0.0010336708339135096,0.010663317902047987,0.8156366061975575,-9.70389043082043,-0.29537715679369114,-2.870708771401496,0.0,-0.2116163625905756,-2.270094931294196,39.66339377568419,45.59560396501163,51.57115908618756,44.5789187445837,42.33083883028281,40.34479728716701,39.78644121762045,47.88952494749815,39.67377374403377,39.170338258667265,-0.007934023440100389,0.0899584447308798,0.0018490940332412664,-0.0068088226020336096,-0.0004341118037700653,-0.0023248426616191975,0.0,-0.00019751861691474915,-0.01331652477383613,0.1520094871520996,0.1549343241378665,0.17595433278216255,0.15531323812901973,0.15407331490090914,0.1523892417550087,0.15211252272129058,0.16135963408107107,0.1520245134830475,0.15200930833816528,-1.7299463874415347e-06,1.1184199924995302e-05,41.25,75.0,40.0,20.0,7.0,7.0,50.0,7.3
0.47576915834932726,0.398553439917342,0.5972422081771883,0.43151182695345147,0.0,1.0,1.0,1.0,0.0,0.0,0.0,252,5,1.0,1.0,3.0,3.0,1.0,1.0,1.0,h9,1.0,1.0,80,7.0,,C:\Dev\readWFN_share_ms\replay_trial_19_schedule_h9_late_exc_repair_gc_svelu_mirror\trials\trial_19.json,420,180,241,C:\Dev\readWFN_share_ms\experiments\20260731T125707Z_pbel-gc-svelu-h9-late-exc-avrane\manifest.json,1.72,0.8523999999999999,27.56,5,1.0,0.6,0.75,0.75,1.0,1.0,1.0,,h9,84,84,-0.4999072510624041,-13.571695386093355,-6.947703537093945,2.228860277734788,0.0,-0.25489948633196136,-4.257482484417795,1.275830474891598,3.5523990637312117,13.830659969540097,8.19888854115619,7.3275067596003085,2.140571259035198,1.3944686003534705,6.4851980817015535,1.2907058206293154,1.2697153187783377,-0.0029248554507060993,0.0229591640428574,-1.2386389437189038,-14.205935323649427,-4.162330584031814,-4.997461942226664,0.0,0.06174421350266712,-6.0561369493728066,32.180253654556275,39.66770355694798,54.226742617764984,38.375690576261846,33.21039137575269,30.579009696753893,31.235955778342536,45.2680992928863,31.272750055768732,28.505390349488163,-0.006827302674719038,0.521942718132726,0.000733819738164665,-0.00562617499549109,-0.0024081522280031686,-0.022244800103677298,0.0,-7.359444558084627e-05,-0.013447389946327548,0.11880974297050957,0.14468116792472635,0.16417939932616027,0.14519485997724105,0.13116790895449762,0.1189632579013034,0.11913731735389871,0.15137794103708352,0.11905170217290655,0.11818141765422649,1.3253986451923139e-05,0.00028987787246316347,-0.7289377802703116,-9.966888419489068,-7.4710773922946725,1.9955636511113903,0.0,-0.15544304804139664,-4.865236578129397,1.2812926303280723,3.8771453197764023,13.103767532538853,9.716198707237508,7.8441565709954215,2.3653927323341373,1.3235951132142987,7.297210033312289,1.2625548185931312,1.2433249564435747,-0.0008792113992504598,0.02080092357039519,-0.17878138697858503,-9.70389043082043,-5.799596390900653,-2.5402404374587775,0.0,0.4715005243302173,-2.590249849211375,39.28362863026835,44.921677757717774,51.57115908618756,44.475067597206746,39.15911407163458,38.16901172373624,38.999529512590385,48.08043438467593,39.216154683720745,35.26157889887961,0.004788208954143511,0.06451900224500597,0.0011448167264461462,-0.0068088226020336096,-0.002620359510183329,-0.025393954664468754,0.0,3.1793862581244725e-05,-0.01530139669775965,0.1244712620973587,0.15331464372575282,0.17595433278216255,0.1540338758379221,0.1380185257111277,0.12437847144901752,0.12447722765306632,0.16077367707409643,0.12448514401912689,0.12324323505163193,-1.3654169283415143e-07,1.1394815417905569e-05,20.0,75.0,15.0,15.0,7.0,7.0,40.0,6.67
0.48011196639592285,0.3976729528788844,0.5756147605279992,0.46704818578088503,0.75,1.0,1.0,0.14285714285714285,0.0,0.0,0.0,192,5,2.625,1.0,3.0,1.2857142857142858,1.0,1.0,1.5,repair,1.0,1.0,200,7.0,,C:\Dev\readWFN_share_ms\replay_trial_19_schedule_h10_early_exc_repair_gc_svelu_mirror\trials\trial_19.json,300,100,201,C:\Dev\readWFN_share_ms\experiments\20260731T125800Z_pbel-gc-svelu-h10-early-exc-avrane\manifest.json,1.588,0.8608,33.52,5,0.7875,0.6,0.75,0.9642857142857143,1.0,1.0,0.9,,h10,83,84,2.049412901613128,-13.571695386093355,4.044546107169863,-9.068025060558128,0.0,-0.15575322214020115,-5.412460585212933,1.0758234997888785,5.084472149133843,13.830659969540097,8.197953346222885,3.4153335972301067,1.4013856311073611,1.151383150590477,6.290685710930304,1.0832006632215525,1.0690964716002087,-0.0015036407656197578,0.013785704418177691,-5.246661826700162,-14.205935323649427,0.4668652559047146,-0.5207254300826065,0.0,0.043987394683604464,-5.385429101753047,35.485909972389564,39.40565010189073,54.226742617764984,35.97064069034334,34.817113953446544,34.804248902249654,34.90502800079188,46.25201271075795,34.921236065003086,32.243815142106804,-0.018165209066710368,0.3177389164278371,-0.0035922785063047524,-0.00562617499549109,-0.002166940070487372,0.004517250232868392,0.0,-0.0002551289292068992,-0.012200700914537593,0.13766998428482194,0.1431728041923798,0.16417939932616027,0.1379628561638497,0.13864413670131137,0.13839660764814496,0.13813257031254583,0.1519844098524614,0.1379595709276629,0.13222882554337784,1.7457524184441806e-05,0.00036612043170970216,1.83366244137817,-9.966888419489068,6.720186849269601,-9.839530478727816,0.0,-0.09187545393705387,-5.336755524261792,1.1971121134493083,5.851859581317836,13.103767532538853,10.276418883432944,3.5748564510754175,1.4321941860291694,1.2366135661036881,6.215236356792727,1.2030815493914815,1.1683537615140278,0.0002774470408359142,0.009928517708909696,-3.154388805046949,-9.70389043082043,2.396724738632301,-0.916350802599446,0.0,-0.00343584157297272,-2.270094931294196,40.028246074021894,44.470372001175704,51.57115908618756,42.09264358913207,40.11392097833869,40.093552235382056,40.049207501044265,47.88952494749815,40.049037955187494,35.610691650832905,-0.004254275106114296,0.07602552879979432,-0.003817945718765259,-0.0068088226020336096,-0.0020977482199668884,0.004766128957271576,0.0,-0.00013422816991806585,-0.01331652477383613,0.1458401381969452,0.15150626916438342,0.17595433278216255,0.1460576631128788,0.1464515525315489,0.14617287069559098,0.14590480998158456,0.16135963408107107,0.14583977460861205,0.1388532519340515,-1.0975321432701627e-06,1.100014215898313e-05,38.75,75.0,35.0,13.571428571428571,7.0,7.0,50.0,7.204
0.4739869553039194,0.39498613077775235,0.5853585533695257,0.4416161817644801,0.0,1.0,1.0,0.7142857142857143,0.0,0.0,0.0,212,5,1.0,1.0,3.0,2.4285714285714284,1.0,1.0,1.0,h9,1.0,1.0,120,7.0,,C:\Dev\readWFN_share_ms\replay_trial_19_h9_explore_e1_short_repair_gc_svelu_mirror\trials\trial_19.json,380,140,241,C:\Dev\readWFN_share_ms\experiments\20260803T174023Z_pbel-h9-explore-e1-short-repair-gc-svelu-mirror-avrane-rerun\manifest.json,1.56,0.8724,26.92,5,1.0,0.6,0.75,0.8214285714285714,1.0,1.0,1.0,,e1,81,84,-0.4999072510624041,-13.571695386093355,-6.947703537093945,-3.821400950686112,0.0,-0.1682971565842457,-4.257482484417795,1.1661457932146404,3.5523990637312117,13.830659969540097,8.19888854115619,5.628979186104398,1.565792169139202,1.2501182903090853,6.4851980817015535,1.1791180646596604,1.163122165611314,-0.001786848528482865,0.014870106588016399,-1.2386389437189038,-14.205935323649427,-4.162330584031814,-3.172304741993699,0.0,-0.023590445222204437,-6.0561369493728066,33.48944089761143,39.66770355694798,54.226742617764984,38.375690576261846,33.6043591195092,32.60513098863055,32.73687583850795,45.2680992928863,32.73337469510929,30.56380206595157,-0.01951415000303279,0.4303127370756931,0.000733819738164665,-0.00562617499549109,-0.0024081522280031686,-0.014432196574168166,0.0,-0.00020523758621904253,-0.013447389946327548,0.12684781701715142,0.14468116792472635,0.16417939932616027,0.14519485997724105,0.1328577469981622,0.12738234202067059,0.12726005849179564,0.15137794103708352,0.12711391534891214,0.12452702908902555,1.4467555268753643e-05,0.0003202965072606386,-0.7289377802703116,-9.966888419489068,-7.4710773922946725,-4.634599582605892,0.0,-0.09777174725002724,-4.865236578129397,1.2700220161014135,3.8771453197764023,13.103767532538853,9.716198707237508,6.004943126508357,1.5440857853796748,1.3021000460028647,7.297210033312289,1.2671195835881763,1.2153312774499259,0.00035891383118498806,0.013625960383264211,-0.17878138697858503,-9.70389043082043,-5.799596390900653,-1.5363113000759938,0.0,0.06925328598854463,-2.590249849211375,39.67293322471732,44.921677757717774,51.57115908618756,44.475067597206746,39.34481938335682,39.513246041334384,39.63803413641101,48.08043438467593,39.66788167584362,35.26157889887961,0.0032456358795636777,0.06005085562880912,0.0011448167264461462,-0.0068088226020336096,-0.002620359510183329,-0.01652162224054335,0.0,-0.00010388866066932123,-0.01530139669775965,0.13363035023212433,0.15331464372575282,0.17595433278216255,0.1540338758379221,0.13994316692863193,0.13386841043829917,0.13369232217470806,0.16077367707409643,0.1336417578160763,0.12999096512794495,-1.3261697346106508e-06,1.1763107719848177e-05,20.0,75.0,15.0,12.714285714285714,7.0,7.0,40.0,6.584
0.47837640668192205,0.4043130428709282,0.6084463044679504,0.42236987270688753,0.0,1.0,1.0,1.0,1.0,0.3333333333333333,0.0,292,5,1.0,1.0,3.0,3.0,3.0,1.6666666666666667,1.0,h9,1.0,1.0,40,7.0,,C:\Dev\readWFN_share_ms\replay_trial_19_h9_explore_e2_long_repair_gc_svelu_mirror\trials\trial_19.json,460,220,241,C:\Dev\readWFN_share_ms\experiments\20260803T174025Z_pbel-h9-explore-e2-long-repair-gc-svelu-mirror-avrane-rerun\manifest.json,1.88,0.8324,28.2,5,1.0,0.6,0.75,0.75,0.75,0.9166666666666666,1.0,,e2,84,84,-0.4999072510624041,-13.571695386093355,-6.947703537093945,2.228860277734788,0.0,-3.7849245505619544,-4.257482484417795,1.6437056584510938,3.5523990637312117,13.830659969540097,8.19888854115619,7.3275067596003085,6.5346657143600115,3.010704263249473,6.4851980817015535,1.6719007519749927,1.6437056584510938,-0.00276348170848822,0.020408124085438357,-1.2386389437189038,-14.205935323649427,-4.162330584031814,-4.997461942226664,0.0,0.6624037467485842,-6.0561369493728066,29.78972768181317,39.66770355694798,54.226742617764984,38.375690576261846,33.21039137575269,29.365806850699254,28.903445159585736,45.2680992928863,29.161964409302538,27.70600457162237,-0.009136480943503573,0.3703744875570985,0.000733819738164665,-0.00562617499549109,-0.0024081522280031686,-0.022244800103677298,0.0,-0.0009679983328054476,-0.013447389946327548,0.11457103007548564,0.14468116792472635,0.16417939932616027,0.14519485997724105,0.13116790895449762,0.11725935893015818,0.11519505755679386,0.15137794103708352,0.1148040754301054,0.1141859346681887,1.184610398991563e-05,0.00027057956900937994,-0.7289377802703116,-9.966888419489068,-7.4710773922946725,1.9955636511113903,0.0,-3.8688893455055027,-4.865236578129397,1.4767496835390725,3.8771453197764023,13.103767532538853,9.716198707237508,7.8441565709954215,7.804434898866548,2.8168694898441986,7.297210033312289,1.4967658289525245,1.4052028935220506,-0.0008718371423762819,0.035929987395869833,-0.17878138697858503,-9.70389043082043,-5.799596390900653,-2.5402404374587775,0.0,0.3269916294940245,-2.590249849211375,36.71737613545857,44.921677757717774,51.57115908618756,44.475067597206746,39.15911407163458,37.97554271221396,36.54747228640542,48.08043438467593,36.658625753052405,35.26157889887961,0.006318519101212016,0.08587119771946028,0.0011448167264461462,-0.0068088226020336096,-0.002620359510183329,-0.025393954664468754,0.0,-0.0008677326142788044,-0.01530139669775965,0.11972261965274811,0.15331464372575282,0.17595433278216255,0.1540338758379221,0.1380185257111277,0.12238995991647243,0.12003767751157284,0.16077367707409643,0.11973125636577606,0.11969536542892456,-5.465477032768995e-07,1.2209010604743469e-05,20.0,75.0,15.0,15.0,15.0,9.666666666666666,40.0,7.244
0.4652240169052097,0.38987136452948634,0.5742058160316663,0.4315948701544764,0.0,1.0,0.0,1.0,1.0,0.0,0.0,232,5,1.0,1.0,1.0,3.0,3.0,1.0,1.0,h9,1.0,1.0,60,7.0,,C:\Dev\readWFN_share_ms\replay_trial_19_h9_explore_e3_delayed_repair_gc_svelu_mirror\trials\trial_19.json,440,160,281,C:\Dev\readWFN_share_ms\experiments\20260803T174027Z_pbel-h9-explore-e3-delayed-repair-gc-svelu-mirror-avrane-rerun\manifest.json,1.64,0.8623999999999999,27.48,6,1.0,0.6,1.0,0.75,0.75,1.0,1.0,,e3,83,84,-0.4999072510624041,-13.571695386093355,-0.4111863501543076,1.9824472883667243,0.0,-0.5325554580618006,-4.257482484417795,1.4198713004414967,3.5523990637312117,13.830659969540097,2.6350061070105206,4.832177899438695,6.013795799973413,1.6433000919300824,6.4851980817015535,1.4398944798154472,1.4191828444975487,-0.00239855666681658,0.01650362413943395,-1.2386389437189038,-14.205935323649427,-0.5243086982657701,-4.666836430547143,0.0,0.37114944633447067,-6.0561369493728066,32.31051663768801,39.66770355694798,54.226742617764984,38.68057974328654,34.068146380409296,31.162916525601883,31.83169894821538,45.2680992928863,31.97305079178768,29.688893137039912,-0.003963531763921348,0.18484922947772706,0.000733819738164665,-0.00562617499549109,0.0009448661460532692,-0.01842253788097481,0.0,-0.00016229174158592652,-0.013447389946327548,0.12425809293179899,0.14468116792472635,0.16417939932616027,0.14639260747411229,0.13898877465433443,0.12570278064624682,0.12463859394863919,0.15137794103708352,0.12451468287287533,0.1238228651854369,1.4387555927601332e-05,0.0003110329558965952,-0.7289377802703116,-9.966888419489068,-0.8570836666279367,1.8051650756425328,0.0,-0.4570899001903004,-4.865236578129397,1.1368359376589456,3.8771453197764023,13.103767532538853,3.4121610026299956,5.4303436556072455,7.1210849245773415,1.3341193401566258,7.297210033312289,1.1614068740725518,1.1273606425126395,-0.0015625175404568557,0.026900238915681513,-0.17878138697858503,-9.70389043082043,-1.336821294656545,-1.9258197411571985,0.0,0.46479498662203156,-2.590249849211375,39.49285574305456,44.921677757717774,51.57115908618756,43.80080545366296,38.87089892538219,38.65107673204392,39.29974331688365,48.08043438467593,39.49177913230542,35.797020038083694,0.003807056247607574,0.08532501703315169,0.0011448167264461462,-0.0068088226020336096,0.0010945647954940796,-0.021148890256881714,0.0,-9.462684392930187e-05,-0.01530139669775965,0.13072048127651215,0.15331464372575282,0.17595433278216255,0.15546394735574723,0.14693212934902736,0.13193611651659012,0.13077572931845982,0.16077367707409643,0.13073141053318976,0.1305888593196869,-7.736615668562122e-07,8.435222756395823e-06,20.0,75.0,10.0,15.0,15.0,7.0,40.0,6.282
0.4771921066138436,0.3996948960418201,0.5984424218448908,0.4334390019548198,0.0,1.0,1.0,1.0,0.0,0.0,0.0,252,5,1.0,1.0,4.0,4.0,1.0,1.0,1.0,h9,1.0,1.0,80,7.0,,C:\Dev\readWFN_share_ms\replay_trial_19_h9_explore_e4_exc4_gc_svelu_mirror\trials\trial_19.json,420,180,241,C:\Dev\readWFN_share_ms\experiments\20260803T174029Z_pbel-h9-explore-e4-exc4-gc-svelu-mirror-avrane-rerun\manifest.json,2.08,0.8523999999999999,27.56,5,1.0,0.6,0.75,0.75,1.0,1.0,1.0,,e4,83,84,-0.4999072510624041,-13.571695386093355,-6.75274075606816,1.6501058030118996,0.0,-0.2795556344079204,-4.257482484417795,1.2850313447831363,3.5523990637312117,13.830659969540097,8.291822041044938,7.248184464890929,2.0516029254109402,1.4109636411507138,6.4851980817015535,1.3001874446737112,1.2752689470261274,-0.0029274527357404756,0.02205283153382695,-1.2386389437189038,-14.205935323649427,-3.933582094818256,-5.3193943024519506,0.0,0.12946473855394913,-6.0561369493728066,32.18982466953067,39.66770355694798,54.226742617764984,38.3615577973933,33.595272717470735,30.388591174018853,31.130855269689267,45.2680992928863,31.193322082901453,28.56689541967044,-0.0073375687520114445,0.5148504804367332,0.000733819738164665,-0.00562617499549109,-0.0023434613202069354,-0.02135726396027987,0.0,-7.871292732859747e-05,-0.013447389946327548,0.11943284455720368,0.14468116792472635,0.16417939932616027,0.14522750957592115,0.13175628096287162,0.11958819251876693,0.11976742701487499,0.15137794103708352,0.11967952487704989,0.11878707817008903,1.3032412049344204e-05,0.00029247822347979363,-0.7289377802703116,-9.966888419489068,-7.538995310503907,0.7411875083287551,0.0,-0.19513954770697484,-4.865236578129397,1.2937601239416336,3.8771453197764023,13.103767532538853,9.698710138362646,7.749292005780009,1.8008247255325318,1.3559501985293847,7.297210033312289,1.2819243166711596,1.2445883291297488,-0.0018704115130648384,0.03257350063181481,-0.17878138697858503,-9.70389043082043,-5.506461881906169,-3.4672549266507033,0.0,0.3275978153041663,-2.590249849211375,38.92797448860265,44.921677757717774,51.57115908618756,44.573121404821386,39.36662969541202,37.77652043046192,38.72783333361329,48.08043438467593,38.872171023443215,35.094528866610894,0.0007277329280293564,0.05784259794942357,0.0011448167264461462,-0.0068088226020336096,-0.0025484986603259985,-0.024515749141573895,0.0,1.4466419816006049e-05,-0.01530139669775965,0.12519419193267822,0.15331464372575282,0.17595433278216255,0.1540695983916521,0.13872072648789202,0.12506652884185315,0.12520662285387515,0.16077367707409643,0.12520847022533416,0.12380881607532501,-1.6268034626666766e-08,1.3333297747128865e-05,20.0,75.0,15.0,15.0,7.0,7.0,40.0,6.807
0.48740928375132814,0.4098975365105704,0.6100396697618805,0.4422906449815335,0.0,1.0,1.0,1.0,0.0,0.0,0.0,252,5,1.0,1.0,3.0,3.0,1.0,1.0,1.0,h9,1.0,1.0,80,7.0,,C:\Dev\readWFN_share_ms\replay_trial_19_h9_explore_e5_reaction1_gc_svelu_mirror\trials\trial_19.json,420,180,241,C:\Dev\readWFN_share_ms\experiments\20260803T174031Z_pbel-h9-explore-e5-reaction1-gc-svelu-mirror-avrane-rerun\manifest.json,1.72,0.9424,27.56,5,1.0,0.6,1.0,1.0,1.0,1.0,1.0,,e5,83,84,-0.4999072510624041,-13.571695386093355,-4.510081386102402,0.9902345963116437,0.0,-0.24158783763455816,-4.257482484417795,1.2618250411202534,3.5523990637312117,13.830659969540097,7.6464105352018406,7.469169808404932,1.9716497172013512,1.3798907272001235,6.4851980817015535,1.2814708408447495,1.2618250411202534,-0.0024315427676066233,0.01900686376309324,-1.2386389437189038,-14.205935323649427,-3.110792574740316,-5.948386977412177,0.0,0.14111534516915114,-6.0561369493728066,32.210053427190175,39.66770355694798,54.226742617764984,38.13241314779651,33.3112104287764,30.60542771921493,31.332910417364367,45.2680992928863,31.397022416788456,28.514137105527652,-0.007609424597185168,0.43272266044893365,0.000733819738164665,-0.00562617499549109,-0.0018963345536240628,-0.016105682785446607,0.0,-0.00020540383484987657,-0.013447389946327548,0.12492379197129258,0.14468116792472635,0.16417939932616027,0.1453010350734264,0.1346643064933394,0.1254783939670872,0.12533078852358523,0.15137794103708352,0.12518531953966294,0.12450599670410156,1.3956125372189159e-05,0.00031214870319849574,-0.7289377802703116,-9.966888419489068,-4.7959588719500434,0.15709873119327789,0.0,-0.11231383180088472,-4.865236578129397,1.2902359790802,3.8771453197764023,13.103767532538853,8.894303294584486,7.998040351168882,1.8587021555516454,1.3286890540493859,7.297210033312289,1.2858856549753084,1.2549945304658676,-0.00018310654780818617,0.012207123387301164,-0.17878138697858503,-9.70389043082043,-3.7935689104377985,-3.937893309509377,0.0,0.16898205011474232,-2.590249849211375,39.37484715912047,44.921677757717774,51.57115908618756,44.07357766942838,39.05098089313011,38.248398417131476,39.16280630460217,48.08043438467593,39.204194591685464,34.87471298576551,0.007068789181484689,0.0823510200770398,0.0011448167264461462,-0.0068088226020336096,-0.0020289316773414723,-0.018529436737298982,0.0,-0.0001274734735488836,-0.01530139669775965,0.13141821324825287,0.15331464372575282,0.17595433278216255,0.15418342128396034,0.14201182637895857,0.13172437027096748,0.1314909594754378,0.16077367707409643,0.13143095895648002,0.13121432065963745,-1.1545710993888684e-06,9.907142415439598e-06,20.0,75.0,15.0,15.0,7.0,7.0,40.0,6.798
0.4793551498214,0.40499919757294073,0.6096011551328276,0.4234650967584316,0.0,1.0,1.0,1.0,1.0,0.3333333333333333,0.0,292,6,1.0,1.0,3.0,3.0,2.0,1.3333333333333333,1.0,h9,1.0,1.0,40,7.0,,C:\Dev\readWFN_share_ms\replay_trial_19_h9_exploit_x1_soft_exc2_vxc10_r085_gc_svelu_mirror\trials\trial_19.json,460,220,241,C:\Dev\readWFN_share_ms\experiments\20260803T205453Z_pbel-h9-exploit-x1-soft-exc2-vxc10-r085-gc-svelu-mirror-avrane-rerun\manifest.json,1.8,0.8403999999999999,27.8,6,1.0,0.6,0.75,0.75,0.85,0.95,1.0,,x1,83,84,-0.4999072510624041,-13.571695386093355,-6.947703537093945,2.228860277734788,0.0,-4.272296168001964,-4.257482484417795,1.6510241219738315,3.5523990637312117,13.830659969540097,8.19888854115619,7.3275067596003085,7.096276893706504,3.168352824133237,6.4851980817015535,1.6749092628825466,1.649586148364038,-0.0029611673739956697,0.01926360830976745,-1.2386389437189038,-14.205935323649427,-4.162330584031814,-4.997461942226664,0.0,0.5915104481519116,-6.0561369493728066,29.750571578274407,39.66770355694798,54.226742617764984,38.375690576261846,33.21039137575269,29.492089722737422,28.909660200421587,45.2680992928863,29.1239552746491,27.68220396431059,-0.010315411239242513,0.36673132796992003,0.000733819738164665,-0.00562617499549109,-0.0024081522280031686,-0.022244800103677298,0.0,-0.0009361537727149705,-0.013447389946327548,0.11483560166917406,0.14468116792472635,0.16417939932616027,0.14519485997724105,0.13116790895449762,0.11735475901010875,0.11545245225007111,0.15137794103708352,0.11507203041970193,0.11446267205315667,1.1581984718083487e-05,0.0002717291141646676,-0.7289377802703116,-9.966888419489068,-7.4710773922946725,1.9955636511113903,0.0,-4.796961258436575,-4.865236578129397,1.4929740485615202,3.8771453197764023,13.103767532538853,9.716198707237508,7.8441565709954215,8.595700173209774,3.165283849925465,7.297210033312289,1.5045821162819863,1.463584010283152,0.00015765911222201086,0.016732719619405416,-0.17878138697858503,-9.70389043082043,-5.799596390900653,-2.5402404374587775,0.0,-0.020376236961958227,-2.590249849211375,36.74214181044492,44.921677757717774,51.57115908618756,44.475067597206746,39.15911407163458,38.4231763864113,36.77800054539873,48.08043438467593,36.76900130837853,35.26157889887961,0.003535749607572874,0.09235311890311675,0.0011448167264461462,-0.0068088226020336096,-0.002620359510183329,-0.025393954664468754,0.0,-0.0008683346211910276,-0.01530139669775965,0.12002543359994888,0.15331464372575282,0.17595433278216255,0.1540338758379221,0.1380185257111277,0.12251515127718449,0.12033890696863334,0.16077367707409643,0.12003492750227451,0.11990201473236084,-7.948761147664006e-07,7.39736772234987e-06,20.0,75.0,15.0,15.0,10.0,8.0,40.0,7.342
0.47845917907074814,0.4042811734637837,0.6083316595388456,0.422764704209615,0.0,1.0,1.0,1.0,1.0,0.3333333333333333,0.0,292,6,1.0,1.0,3.0,3.0,2.0,1.3333333333333333,1.0,h9,1.0,1.0,40,7.0,,C:\Dev\readWFN_share_ms\replay_trial_19_h9_exploit_x2_soft_exc2_vxc15_r075_gc_svelu_mirror\trials\trial_19.json,460,220,241,C:\Dev\readWFN_share_ms\experiments\20260803T205455Z_pbel-h9-exploit-x2-soft-exc2-vxc15-r075-gc-svelu-mirror-avrane-rerun\manifest.json,1.8,0.8324,28.2,6,1.0,0.6,0.75,0.75,0.75,0.9166666666666666,1.0,,x2,83,84,-0.4999072510624041,-13.571695386093355,-6.947703537093945,2.228860277734788,0.0,-3.555553317231661,-4.257482484417795,1.6474263174622408,3.5523990637312117,13.830659969540097,8.19888854115619,7.3275067596003085,6.66589089609171,2.931054406098289,6.4851980817015535,1.6710538055606605,1.6474263174622408,-0.0026978482759333626,0.019156634331634437,-1.2386389437189038,-14.205935323649427,-4.162330584031814,-4.997461942226664,0.0,0.7760124202863175,-6.0561369493728066,29.7301949550382,39.66770355694798,54.226742617764984,38.375690576261846,33.21039137575269,29.36972561196535,28.880811367707544,45.2680992928863,29.15886226191937,27.61381221791971,-0.008550295804066002,0.3588588889433547,0.000733819738164665,-0.00562617499549109,-0.0024081522280031686,-0.022244800103677298,0.0,-0.0009911021670779563,-0.013447389946327548,0.11450822503717097,0.14468116792472635,0.16417939932616027,0.14519485997724105,0.13116790895449762,0.1172681172688802,0.11514072375254589,0.15137794103708352,0.11474223265776765,0.11412386851267772,1.1648599156549964e-05,0.0002691801018894982,-0.7289377802703116,-9.966888419489068,-7.4710773922946725,1.9955636511113903,0.0,-4.301286959011025,-4.865236578129397,1.4832660268677604,3.8771453197764023,13.103767532538853,9.716198707237508,7.8441565709954215,7.980690349580182,2.9960550786124336,7.297210033312289,1.4944867711199654,1.4326646261215208,0.00034231550384782516,0.025089805031327572,-0.17878138697858503,-9.70389043082043,-5.799596390900653,-2.5402404374587775,0.0,0.21547289389289404,-2.590249849211375,36.6725896694048,44.921677757717774,51.57115908618756,44.475067597206746,39.15911407163458,37.971278668422094,36.62674183522713,48.08043438467593,36.68454577295158,35.26157889887961,0.004774147252794949,0.077589568189465,0.0011448167264461462,-0.0068088226020336096,-0.002620359510183329,-0.025393954664468754,0.0,-0.0009622827172279386,-0.01530139669775965,0.11965277791023254,0.15331464372575282,0.17595433278216255,0.1540338758379221,0.1380185257111277,0.1223997849971056,0.11999350475768249,0.16077367707409643,0.11965954266488552,0.11950793117284775,-5.176584971578497e-07,8.717945488487226e-06,20.0,75.0,15.0,15.0,15.0,9.666666666666666,40.0,7.239
0.4791454003740867,0.4049156269545524,0.6094715764467954,0.4230489977209123,0.0,1.0,1.0,1.0,1.0,0.3333333333333333,0.0,292,6,1.0,1.0,3.0,3.0,2.5,1.5,1.0,h9,1.0,1.0,40,7.0,,C:\Dev\readWFN_share_ms\replay_trial_19_h9_exploit_x3_soft_exc25_vxc12_r080_gc_svelu_mirror\trials\trial_19.json,460,220,241,C:\Dev\readWFN_share_ms\experiments\20260803T205457Z_pbel-h9-exploit-x3-soft-exc25-vxc12-r080-gc-svelu-mirror-avrane-rerun\manifest.json,1.84,0.8364,27.96,6,1.0,0.6,0.75,0.75,0.8,0.9333333333333333,1.0,,x3,83,84,-0.4999072510624041,-13.571695386093355,-6.947703537093945,2.228860277734788,0.0,-3.824154113518442,-4.257482484417795,1.6487979662651464,3.5523990637312117,13.830659969540097,8.19888854115619,7.3275067596003085,6.679282910434891,3.01847634472764,6.4851980817015535,1.672531241050865,1.6472014290289758,-0.003169397731958804,0.020351138179400395,-1.2386389437189038,-14.205935323649427,-4.162330584031814,-4.997461942226664,0.0,0.826040683581315,-6.0561369493728066,29.777970932166774,39.66770355694798,54.226742617764984,38.375690576261846,33.21039137575269,29.42213049198599,28.895322305965372,45.2680992928863,29.215400561257773,27.535613807368065,-0.012955260031054436,0.36666575565973375,0.000733819738164665,-0.00562617499549109,-0.0024081522280031686,-0.022244800103677298,0.0,-0.0009504666199555284,-0.013447389946327548,0.11476056210629575,0.14468116792472635,0.16417939932616027,0.14519485997724105,0.13116790895449762,0.11719370317888689,0.11538655650508296,0.15137794103708352,0.11499905586242676,0.11438446216755085,1.1595130604650352e-05,0.0002714121917102114,-0.7289377802703116,-9.966888419489068,-7.4710773922946725,1.9955636511113903,0.0,-4.397906709851159,-4.865236578129397,1.4701668469111124,3.8771453197764023,13.103767532538853,9.716198707237508,7.8441565709954215,7.810926307208009,2.994619931569806,7.297210033312289,1.4909925482432047,1.4452318596839904,0.00019558029079197936,0.02681187886570346,-0.17878138697858503,-9.70389043082043,-5.799596390900653,-2.5402404374587775,0.0,0.1509765828657379,-2.590249849211375,36.775886660630654,44.921677757717774,51.57115908618756,44.475067597206746,39.15911407163458,38.22035366700682,36.72054996592716,48.08043438467593,36.79067446587834,35.26157889887961,-0.0026040538185050314,0.05777969594724195,0.0011448167264461462,-0.0068088226020336096,-0.002620359510183329,-0.025393954664468754,0.0,-0.000897436589002612,-0.01530139669775965,0.11994188278913498,0.15331464372575282,0.17595433278216255,0.1540338758379221,0.1380185257111277,0.1222881767898798,0.12027298994362354,0.16077367707409643,0.11995414271950722,0.11992618441581726,-7.642054916324472e-07,9.7509268261881e-06,20.0,75.0,15.0,15.0,12.0,8.666666666666666,40.0,7.371
0.4796361491877659,0.40597052104192743,0.6107045468466419,0.42223337967472857,0.0,1.0,1.0,1.0,1.0,0.5,0.0,302,6,1.0,1.0,3.0,3.0,3.0,1.5,1.0,h9,1.0,1.0,30,7.0,,C:\Dev\readWFN_share_ms\replay_trial_19_h9_exploit_x4_repair440_soft30_gc_svelu_mirror\trials\trial_19.json,470,230,241,C:\Dev\readWFN_share_ms\experiments\20260803T205459Z_pbel-h9-exploit-x4-repair440-soft30-gc-svelu-mirror-avrane-rerun\manifest.json,1.86,0.8304,28.18,6,1.0,0.6,0.75,0.75,0.75,0.9,1.0,,x4,84,84,-0.4999072510624041,-13.571695386093355,-6.947703537093945,2.228860277734788,0.0,-3.6564689252488476,-4.257482484417795,1.694558891910747,3.5523990637312117,13.830659969540097,8.19888854115619,7.3275067596003085,6.5346657143600115,3.5980198276183786,6.4851980817015535,1.7276059412061777,1.694558891910747,-0.0035937696163314357,0.025976980107541445,-1.2386389437189038,-14.205935323649427,-4.162330584031814,-4.997461942226664,0.0,0.6923150540229059,-6.0561369493728066,29.617304294053884,39.66770355694798,54.226742617764984,38.375690576261846,33.21039137575269,29.365806850699254,28.687148545327503,45.2680992928863,29.1333479517776,27.637503872822037,-0.012444842155740168,0.34297343169225947,0.000733819738164665,-0.00562617499549109,-0.0024081522280031686,-0.022244800103677298,0.0,-0.0012544713578782618,-0.013447389946327548,0.11428394833126583,0.14468116792472635,0.16417939932616027,0.14519485997724105,0.13116790895449762,0.11725935893015818,0.11509292762916726,0.15137794103708352,0.11452342239586082,0.11390269339621605,1.0787553276253497e-05,0.0002679551197459894,-0.7289377802703116,-9.966888419489068,-7.4710773922946725,1.9955636511113903,0.0,-3.713803698947695,-4.865236578129397,1.5258217384020487,3.8771453197764023,13.103767532538853,9.716198707237508,7.8441565709954215,7.804434898866548,3.6044837279465463,7.297210033312289,1.5367482498049736,1.47781357632743,-0.0014505788208547987,0.03624654171288775,-0.17878138697858503,-9.70389043082043,-5.799596390900653,-2.5402404374587775,0.0,0.4182804122035364,-2.590249849211375,36.77258003792822,44.921677757717774,51.57115908618756,44.475067597206746,39.15911407163458,37.97554271221396,36.53923230014759,48.08043438467593,36.67251873658101,35.26157889887961,0.004932048077570875,0.06964856083989751,0.0011448167264461462,-0.0068088226020336096,-0.002620359510183329,-0.025393954664468754,0.0,-0.001185837388038638,-0.01530139669775965,0.11940519511699677,0.15331464372575282,0.17595433278216255,0.1540338758379221,0.1380185257111277,0.12238995991647243,0.11992825269699096,0.16077367707409643,0.11941823102533818,0.11938606202602386,-2.217343203107217e-06,1.6288072466530454e-05,20.0,75.0,15.0,15.0,15.0,9.5,40.0,7.448
0.4792146041851877,0.40608105954089346,0.6112355402346537,0.420327212780016,0.0,1.0,1.0,1.0,1.0,0.6666666666666666,0.0,312,6,1.0,1.0,3.0,3.0,2.0,1.6666666666666667,1.0,h9,1.0,1.0,20,7.0,,C:\Dev\readWFN_share_ms\replay_trial_19_h9_exploit_x5_soft60_gc_svelu_mirror\trials\trial_19.json,480,240,241,C:\Dev\readWFN_share_ms\experiments\20260803T205501Z_pbel-h9-exploit-x5-soft60-gc-svelu-mirror-avrane-rerun\manifest.json,1.84,0.8224,27.92,6,1.0,0.6,0.75,0.75,0.75,0.8333333333333334,1.0,,x5,83,84,-0.4999072510624041,-13.571695386093355,-6.947703537093945,2.228860277734788,0.0,-3.5627497190731505,-4.257482484417795,1.7480524576978103,3.5523990637312117,13.830659969540097,8.19888854115619,7.3275067596003085,6.572530548783424,4.212334656838925,6.4851980817015535,1.8471809652322957,1.7449515278696874,-0.02102339347560192,0.197013704749498,-1.2386389437189038,-14.205935323649427,-4.162330584031814,-4.997461942226664,0.0,0.5217650720647846,-6.0561369493728066,29.55104577541867,39.66770355694798,54.226742617764984,38.375690576261846,33.21039137575269,29.363399434789745,28.467547928847377,45.2680992928863,29.019498695424726,27.160435718880446,-0.0005776646331142415,0.3515799766759857,0.000733819738164665,-0.00562617499549109,-0.0024081522280031686,-0.022244800103677298,0.0,-0.001482231122953398,-0.013447389946327548,0.11405700821060318,0.14468116792472635,0.16417939932616027,0.14519485997724105,0.13116790895449762,0.11727270951142181,0.11504407702265558,0.15137794103708352,0.11429298761728648,0.1138003753112243,1.1594917428111649e-05,0.00027402765472731195,-0.7289377802703116,-9.966888419489068,-7.4710773922946725,1.9955636511113903,0.0,-3.64151052164634,-4.865236578129397,1.6022890325652228,3.8771453197764023,13.103767532538853,9.716198707237508,7.8441565709954215,7.856834943358104,4.451752983601888,7.297210033312289,1.6493662884500293,1.5569738491111333,-0.006691325695193993,0.08310439108285256,-0.17878138697858503,-9.70389043082043,-5.799596390900653,-2.5402404374587775,0.0,0.12046236347512718,-2.590249849211375,36.491138386164664,44.921677757717774,51.57115908618756,44.475067597206746,39.15911407163458,37.984771439934754,36.505297839855395,48.08043438467593,36.406037608249676,35.26157889887961,0.01148629032167064,0.12880375356364251,0.0011448167264461462,-0.0068088226020336096,-0.002620359510183329,-0.025393954664468754,0.0,-0.001431809738278389,-0.01530139669775965,0.11915110051631927,0.15331464372575282,0.17595433278216255,0.1540338758379221,0.1380185257111277,0.12240484952926636,0.11987334800263245,0.16077367707409643,0.11917072460055352,0.11914647370576859,-1.7524885952024531e-06,1.9414784750206628e-05,20.0,75.0,15.0,15.0,10.0,9.0,40.0,7.532
0.46872026164166636,0.3932803137516899,0.5808809636028427,0.43199950757046635,0.0,0.0,0.0,1.0,0.0,0.0,0.0,140,3,1.0,1.0,1.0,3.0,1.0,1.0,1.0,simple,1.0,1.0,80,7.0,0.0,C:\Dev\readWFN_share_ms\replay_trial_19_simple_s1_g000_repair420_gc_svelu_mirror\trials\trial_19.json,420,140,281,C:\Dev\readWFN_share_ms\20260806T181846Z_pbel-simple-s1-g000-repair420-gc-svelu-mirror-avrane\manifest.json,1.56,0.818,29.12,282,0.886021505376344,0.6508960573476702,0.9720430107526882,0.75,1.0,1.0,0.7655913978494624,420,s1,83,84,-0.693669784864658,-9.957994049680256,-0.4580850075879055,1.128956459658185,0.0,-0.19522635111757936,-3.5798942229597612,1.1551383203691958,3.3299495355632147,11.887534349773622,2.4063264671878493,4.395021041476308,1.8526350202344015,1.2532475442567115,5.576642591527317,1.1695254329484581,1.1545003588952878,-0.0016414937049445723,0.013958219471582923,-0.75183707165165,-9.788065193619133,-0.31828006698899003,-4.122815510303191,0.0,-0.04215247371771369,-7.413142351961511,33.99783887287895,39.12811545721951,52.713848313179405,38.18286810832339,34.721591292161136,33.01268967432501,33.37598892249693,44.03366314958874,33.35561952393836,31.222991988167593,0.0022863393509243695,0.2808881918852984,0.0020306084607098762,-0.024154745995461385,0.0008453850273613117,-0.012716752988798125,0.0,-0.0001858393351236859,-0.0031100006790848733,0.12193970207695488,0.13294816006411303,0.14790123921853524,0.135510135341335,0.13118480985535924,0.12254139496399477,0.12232991582280522,0.13301070462866557,0.12219887638951207,0.12153837702295801,1.3062463481437882e-05,0.0002985576109403124,0.2800863998598522,-12.111174308417903,-1.2262777368426319,1.8045832592738993,0.0,-0.02416532728804488,-3.8562024240043424,1.1701490805943804,3.5293758061703704,11.522740655934001,3.0865433160934184,5.028749300465697,1.5759626730508274,1.1635385384250572,6.579695197372424,1.1608849016732639,1.0877638827959697,0.0006460598946215098,0.007453497527429622,-0.9325840420427767,-7.848875395093408,-0.09943731182390536,-2.1810516163319633,0.0,0.056165727014018785,-2.7805380232566606,39.21773208495881,44.073527660666315,50.606801097765384,43.29416759292806,38.875176566634586,38.32911533534684,39.30080307881761,47.518975920656594,39.30027041392166,35.87766298217427,-0.0001850904277960611,0.08101815965266544,0.0026297241449355913,-0.027501568943262084,0.0008777305483818054,-0.014454704523086531,0.0,-7.171556353569031e-05,-0.004304557293653477,0.12797871232032776,0.14000753443688155,0.15695610704521337,0.14305520728230475,0.13806938071336064,0.1283139817416668,0.12802694812417031,0.14010577767410062,0.12799122259020806,0.1275446116924286,-1.0318213835694736e-06,7.421096151686125e-06,28.521505376344084,66.7293906810036,14.543010752688172,15.0,7.0,7.0,48.09139784946237,6.658
0.4685486866482293,0.39312841707536367,0.5839849077012711,0.42853273516805307,0.0,0.0,0.0,1.0,1.0,0.0,0.0,160,3,1.0,1.0,1.0,3.0,3.0,1.0,1.0,simple,1.0,1.0,60,7.0,0.0,C:\Dev\readWFN_share_ms\replay_trial_19_simple_s2_g000_repair440_gc_svelu_mirror\trials\trial_19.json,440,160,281,C:\Dev\readWFN_share_ms\20260806T181848Z_pbel-simple-s2-g000-repair440-gc-svelu-mirror-avrane\manifest.json,1.64,0.808,29.44,282,0.886021505376344,0.6508960573476702,0.9720430107526882,0.75,0.75,1.0,0.7655913978494624,440,s2,83,84,-0.693669784864658,-9.957994049680256,-0.4580850075879055,1.128956459658185,0.0,-0.612615138563652,-3.5798942229597612,1.269423675790374,3.3299495355632147,11.887534349773622,2.4063264671878493,4.395021041476308,4.766647057301397,1.522169486078277,5.576642591527317,1.2876373546569888,1.2681653498079946,-0.002267499942073803,0.01889962288937463,-0.75183707165165,-9.788065193619133,-0.31828006698899003,-4.122815510303191,0.0,0.3652034898372989,-7.413142351961511,33.27894432175038,39.12811545721951,52.713848313179405,38.18286810832339,34.721591292161136,31.454885369945696,32.49818496602202,44.03366314958874,32.63239158905604,30.628536536123068,0.002961047633118949,0.25309732239434835,0.0020306084607098762,-0.024154745995461385,0.0008453850273613117,-0.012716752988798125,0.0,-0.00039984900672156154,-0.0031100006790848733,0.12000360574808207,0.13294816006411303,0.14790123921853524,0.135510135341335,0.13118480985535924,0.12142224655495033,0.12046678875301693,0.13301070462866557,0.12025427732381735,0.11962230785472973,1.272974658333797e-05,0.00029137343453377327,0.2800863998598522,-12.111174308417903,-1.2262777368426319,1.8045832592738993,0.0,-0.48394820609887446,-3.8562024240043424,1.0987352771759034,3.5293758061703704,11.522740655934001,3.0865433160934184,5.028749300465697,4.858642105174065,1.27567006776377,6.579695197372424,1.1033399381505118,1.0873981696499717,-0.0007308763474151275,0.009288554029314614,-0.9325840420427767,-7.848875395093408,-0.09943731182390536,-2.1810516163319633,0.0,1.0572691255425255,-2.7805380232566606,38.82782293360316,44.073527660666315,50.606801097765384,43.29416759292806,38.875176566634586,37.19569604676708,38.2965146625055,47.518975920656594,38.763322994741955,35.87766298217427,0.012647970528780137,0.10574475780997919,0.0026297241449355913,-0.027501568943262084,0.0008777305483818054,-0.014454704523086531,0.0,-0.00041892156004905146,-0.004304557293653477,0.12579697370529175,0.14000753443688155,0.15695610704521337,0.14305520728230475,0.13806938071336064,0.12700872421264647,0.12597535227735837,0.14010577767410062,0.12580740824341774,0.12571579217910767,-1.0792137984942673e-06,9.978717967981086e-06,28.521505376344084,66.7293906810036,14.543010752688172,15.0,15.0,7.0,48.09139784946237,6.696
0.4678412357360544,0.3940275421336342,0.5772916620166593,0.43220450305786967,0.0,0.0,0.0,1.0,0.0,0.0,0.0,140,3,1.178763440860215,1.031810035842294,1.2325268817204302,3.0,1.0,1.0,1.103494623655914,simple,1.0,1.0,80,7.0,0.25,C:\Dev\readWFN_share_ms\replay_trial_19_simple_s3_g025_repair420_gc_svelu_mirror\trials\trial_19.json,420,140,281,C:\Dev\readWFN_share_ms\20260806T181851Z_pbel-simple-s3-g025-repair420-gc-svelu-mirror-avrane\manifest.json,1.63,0.804,31.22,282,0.850268817204301,0.6445340501792115,0.9255376344086022,0.75,1.0,1.0,0.7448924731182796,420,s3,84,84,-0.6431667195861834,-10.357206419932783,-0.5708999074337524,2.0605357313365666,0.0,-0.20852693700047786,-3.851158462891943,1.1785681628114952,3.2035304376219145,12.214560314679508,2.4043184264197413,3.9918814493127934,1.7713292388751565,1.2804877153790457,5.513636728192434,1.1940735777792715,1.1783530798502109,-0.0017471728511194808,0.01319070204288508,-0.8749993380406238,-9.319560513767854,-0.25412137996913486,-4.003458315418307,0.0,-0.07923840446989772,-7.068016382978584,33.83237817508616,39.45373043236644,52.75359211635131,38.7252816390624,35.06525898356807,33.20307368622117,33.370878550797535,44.54373529463485,33.31632897400041,31.866825105662038,-0.011110415069732756,0.2794870963060175,0.001228840286667282,-0.02266490566837892,0.0007229263718063761,-0.013102233302485833,0.0,-0.00016289487615361864,-0.0028612089586687317,0.12215184735822247,0.134235777511253,0.14863818734735101,0.13622731947684072,0.1316015639974037,0.12257186528798696,0.1225227078160008,0.13472455608171094,0.12240292703783191,0.12172485901428773,1.3750707167302483e-05,0.0002992823281264836,-0.6137630742682356,-10.35780585057603,-0.29504739219612564,1.7079917680859569,0.0,0.0018983836942250143,-5.056057386048636,1.2036284567779962,3.7444670839071272,12.934165290528242,2.607255459107293,4.377559047845621,1.5242724445290037,1.194097196438136,5.982866077414667,1.1967264523135293,1.092750880241394,0.0007110283475571424,0.008489682852864935,-0.6794493125849783,-6.544373647589552,-0.4561871617954978,-1.936821641670683,0.0,0.34290822452672387,-4.468877646004174,39.835187107015614,44.860233270839515,51.745558129980644,43.18853231889578,39.3785081549278,38.864041980137664,39.669239122099,47.36734642428834,39.81516164888453,36.901492270674794,0.003232977678200778,0.08337247087237748,0.001561491191387182,-0.025816099345684046,0.0007537208497524206,-0.01489820852875709,0.0,-7.426589727399513e-05,-0.003450267016887665,0.12823152542114258,0.1413215698674321,0.1576695115202003,0.14381160102784635,0.13846746065786908,0.12836831212043762,0.12826591730117798,0.141973039643331,0.12823372036218644,0.12771010398864746,-3.3295692357801856e-07,4.93981944237715e-06,33.88440860215054,67.6836917562724,21.518817204301076,15.0,7.0,7.0,51.196236559139784,6.427
0.4679743406949963,0.39425288351057264,0.579624733887714,0.43004540468670244,0.0,0.0,0.0,1.0,1.0,0.0,0.0,160,3,1.178763440860215,1.031810035842294,1.2325268817204302,3.0,3.0,1.0,1.103494623655914,simple,1.0,1.0,60,7.0,0.25,C:\Dev\readWFN_share_ms\replay_trial_19_simple_s4_g025_repair440_gc_svelu_mirror\trials\trial_19.json,440,160,281,C:\Dev\readWFN_share_ms\20260806T181853Z_pbel-simple-s4-g025-repair440-gc-svelu-mirror-avrane\manifest.json,1.71,0.794,31.54,282,0.850268817204301,0.6445340501792115,0.9255376344086022,0.75,0.75,1.0,0.7448924731182796,440,s4,83,84,-0.6431667195861834,-10.357206419932783,-0.5708999074337524,2.0605357313365666,0.0,-0.5157016505883241,-3.851158462891943,1.2937940473742782,3.2035304376219145,12.214560314679508,2.4043184264197413,3.9918814493127934,4.898969567705096,1.5105779892950197,5.513636728192434,1.313836380665083,1.2937940473742782,-0.002037799351890567,0.01568423466883213,-0.8749993380406238,-9.319560513767854,-0.25412137996913486,-4.003458315418307,0.0,-0.02772233079441122,-7.068016382978584,33.19186868071116,39.45373043236644,52.75359211635131,38.7252816390624,35.06525898356807,31.835781505002046,32.7578147215365,44.54373529463485,32.707353324326924,30.88561375662821,-0.006563590829026047,0.24248696006427628,0.001228840286667282,-0.02266490566837892,0.0007229263718063761,-0.013102233302485833,0.0,-0.00021331460626274057,-0.0028612089586687317,0.11990961298212274,0.134235777511253,0.14863818734735101,0.13622731947684072,0.1316015639974037,0.12118095707248996,0.1202927158401535,0.13472455608171094,0.12015532716974482,0.11949528874577703,1.3756068880251244e-05,0.0002924376036605493,-0.6137630742682356,-10.35780585057603,-0.29504739219612564,1.7079917680859569,0.0,-0.35476502427260104,-5.056057386048636,1.15525458155738,3.7444670839071272,12.934165290528242,2.607255459107293,4.377559047845621,5.16647782115274,1.2769029643544445,5.982866077414667,1.1582567540195252,1.1314832270675237,0.0001192879789953199,0.006772058532931738,-0.6794493125849783,-6.544373647589552,-0.4561871617954978,-1.936821641670683,0.0,0.6101786308387247,-4.468877646004174,39.20975457966919,44.860233270839515,51.745558129980644,43.18853231889578,39.3785081549278,38.034146156889435,38.702695797110955,47.36734642428834,39.000399669871385,36.65869824623985,0.011128392370861932,0.10457742507199745,0.001561491191387182,-0.025816099345684046,0.0007537208497524206,-0.01489820852875709,0.0,-0.00015172436833382763,-0.003450267016887665,0.12573212385177612,0.1413215698674321,0.1576695115202003,0.14381160102784635,0.13846746065786908,0.126730764657259,0.12579538052280745,0.141973039643331,0.1257339082658291,0.12534186244010925,5.601380104409125e-07,8.540225693612424e-06,33.88440860215054,67.6836917562724,21.518817204301076,15.0,15.0,7.0,51.196236559139784,6.397
0.465648727375735,0.3903498829974794,0.5710996389540007,0.4354966601757248,0.0,0.0,0.0,1.0,0.0,0.0,0.0,140,3,1.3575268817204302,1.0636200716845878,1.4650537634408602,3.0,1.0,1.0,1.206989247311828,simple,1.0,1.0,80,7.0,0.5,C:\Dev\readWFN_share_ms\replay_trial_19_simple_s5_g050_repair420_gc_svelu_mirror\trials\trial_19.json,420,140,281,C:\Dev\readWFN_share_ms\20260806T181856Z_pbel-simple-s5-g050-repair420-gc-svelu-mirror-avrane\manifest.json,1.7,0.79,33.32,282,0.814516129032258,0.6381720430107527,0.8790322580645162,0.75,1.0,1.0,0.7241935483870967,420,s5,82,84,-0.795472316932655,-10.510628983007583,-0.2896171325305068,0.7933361165443071,0.0,-0.18827198244201382,-2.7768176252051777,1.1894778434760767,3.2070587262163146,12.50232736474732,2.42648910671648,4.019067340486322,1.9235363113444286,1.2834314150486716,5.2467033613447684,1.204083250747733,1.1894778434760767,-0.0016393274375760762,0.012747684929536186,-0.933669866256011,-9.531258571990655,0.0780795168520072,-4.590723295431715,0.0,-0.03657415335069203,-6.380026834310435,34.338635259611586,40.25187641634553,53.0613332058184,39.51978317360129,35.17106848809112,33.42664980119081,33.78678388964135,44.92286321152368,33.76036421513598,32.028537311329,-0.005397402509133499,0.2924084570144451,0.0011515548637321404,-0.02198868828850825,0.0008277708345705292,-0.010206143061320005,0.0,-0.00027024166004077643,-0.00267930030822755,0.12516799273791615,0.13450362048707568,0.149050113555786,0.13625540625941646,0.13285098658872233,0.12583256111488686,0.12559912441013096,0.13450754030526027,0.1254344871452263,0.12475230242754962,1.3970182103967986e-05,0.0003112539108935787,-2.38291870368984,-10.43553651742538,-0.7039030530942809,1.1745326513489083,0.0,-0.009257529591189417,-2.9826533541440963,1.139196449783113,3.9441605914480156,14.40158236245903,2.5633773620837266,4.704725078350968,1.7826288341866596,1.1325914487220623,6.526082708017092,1.1318472778810396,1.0489982893202041,0.00037108760439761933,0.008394153413208663,-0.9821934217995647,-6.649750353307624,-0.6049866862790623,-3.184516123957195,0.0,0.1767354953162652,-4.505703220572165,39.227161768813986,45.515142549323706,52.279086582844485,44.084985490591734,39.377354607641145,38.56554387458366,39.22861328225007,48.40688364441437,39.29138773063428,36.902773377256274,-0.001945398733838733,0.07921907836524895,0.0014326378703117537,-0.02549369484186173,0.0010005079209804424,-0.011464414745569224,0.0,-0.00020005181431770325,-0.00267746821045875,0.1316363364458084,0.14161164537072182,0.1582835620890061,0.14376783035695553,0.13991912443722998,0.13204963356256486,0.1317344869176547,0.1415349023247307,0.1316516987979412,0.1307830959558487,-1.3307185101329832e-06,8.908507490058366e-06,39.24731182795699,68.63799283154123,28.494623655913976,15.0,7.0,7.0,54.30107526881721,6.714
0.466666247883883,0.3916872627096507,0.5756226469546567,0.43268883398734154,0.0,0.0,0.0,1.0,1.0,0.0,0.0,160,3,1.3575268817204302,1.0636200716845878,1.4650537634408602,3.0,3.0,1.0,1.206989247311828,simple,1.0,1.0,60,7.0,0.5,C:\Dev\readWFN_share_ms\replay_trial_19_simple_s6_g050_repair440_gc_svelu_mirror\trials\trial_19.json,440,160,281,C:\Dev\readWFN_share_ms\20260806T193054Z_pbel-simple-s6-g050-repair440-gc-svelu-mirror-avrane\manifest.json,1.78,0.78,33.64,282,0.814516129032258,0.6381720430107527,0.8790322580645162,0.75,0.75,1.0,0.7241935483870967,440,s6,82,84,-0.795472316932655,-10.510628983007583,-0.2896171325305068,0.7933361165443071,0.0,-0.5517236060042521,-2.7768176252051777,1.2936176696765038,3.2070587262163146,12.50232736474732,2.42648910671648,4.019067340486322,4.694408759489304,1.5243884090812785,5.2467033613447684,1.313056117919201,1.2926418883059292,-0.0021137809290705735,0.015259280954236823,-0.933669866256011,-9.531258571990655,0.0780795168520072,-4.590723295431715,0.0,0.09867662653346798,-6.380026834310435,33.741025988465395,40.25187641634553,53.0613332058184,39.51978317360129,35.17106848809112,32.21080469226023,33.08608404819791,44.92286321152368,33.08545933269052,31.16383599901666,-0.005449697151882257,0.27530431592771204,0.0011515548637321404,-0.02198868828850825,0.0008277708345705292,-0.010206143061320005,0.0,-0.00032985317814458737,-0.00267930030822755,0.12290245777851827,0.13450362048707568,0.149050113555786,0.13625540625941646,0.13285098658872233,0.12415607125909478,0.12336008140632698,0.13450754030526027,0.12316693958935436,0.12252745757231841,1.2950519958921994e-05,0.00030196052743266226,-2.38291870368984,-10.43553651742538,-0.7039030530942809,1.1745326513489083,0.0,-0.4762632430354754,-2.9826533541440963,1.0842064912849003,3.9441605914480156,14.40158236245903,2.5633773620837266,4.704725078350968,5.107273849813144,1.2761770791707217,6.526082708017092,1.1036009243501557,1.0688132925033569,-0.001721551514129987,0.016802184658690534,-0.9821934217995647,-6.649750353307624,-0.6049866862790623,-3.184516123957195,0.0,0.614672208203423,-4.505703220572165,38.524373094502344,45.515142549323706,52.279086582844485,44.084985490591734,39.377354607641145,37.890834238208406,38.257524736863324,48.40688364441437,38.540894764147474,36.71817812895548,0.007420587887507262,0.07494304902575191,0.0014326378703117537,-0.02549369484186173,0.0010005079209804424,-0.011464414745569224,0.0,-0.00032007917761800453,-0.00267746821045875,0.1291324496269226,0.14161164537072182,0.1582835620890061,0.14376783035695553,0.13991912443722998,0.13014936447143555,0.129287226498127,0.1415349023247307,0.12915135249495507,0.1289425492286682,-1.7927441381870355e-06,1.2615822820391207e-05,39.24731182795699,68.63799283154123,28.494623655913976,15.0,15.0,7.0,54.30107526881721,6.676
0.4649885504422708,0.38915215675223574,0.5698857437500225,0.435927750824554,0.0,0.0,0.0,1.0,0.0,0.0,0.0,140,3,1.5362903225806452,1.0954301075268817,1.6975806451612905,3.0,1.0,1.0,1.310483870967742,simple,1.0,1.0,80,7.0,0.75,C:\Dev\readWFN_share_ms\replay_trial_19_simple_s7_g075_repair420_gc_svelu_mirror\trials\trial_19.json,420,140,281,C:\Dev\readWFN_share_ms\20260806T193056Z_pbel-simple-s7-g075-repair420-gc-svelu-mirror-avrane\manifest.json,1.77,0.776,35.42,282,0.778763440860215,0.6318100358422939,0.83252688172043,0.75,1.0,1.0,0.703494623655914,420,s7,84,84,-0.819699738375629,-11.215095587785772,-0.27048371172045016,1.6704111907099737,0.0,-0.19505033753901868,-2.6701766700208833,1.1361022283819453,3.014791509265576,12.684315318437232,2.449018737720845,3.755877404652583,1.8429547043833794,1.2298313325758028,5.119327959905271,1.1490831399546593,1.1361022283819453,-0.0013655785987219083,0.01032119862788678,-0.7137139244690616,-8.784072117231666,0.010902870577609747,-5.952164298211855,0.0,-0.0532847299605308,-5.384267060354929,34.839581314748614,40.68832364149641,52.8560619243515,39.98306106924457,35.16168075124867,33.938121347405556,34.393477918499414,45.21333235878012,34.33386104262609,31.400462664924703,-0.0060275414426210865,0.3486140066666409,0.0007223077722497695,-0.02138164064905665,0.0007008290505623738,-0.009301161121677726,0.0,-0.00024761122626229537,-0.0025225995897172893,0.12562738023362718,0.1346350305789226,0.1493115764003139,0.13605008490450748,0.13319444687056572,0.12632235965213262,0.12605151686224494,0.13516036571780743,0.12589344119166468,0.12520824466739688,1.40416737632492e-05,0.00031371347608159984,-1.109778151852555,-11.68237065773805,-0.15133542447884896,1.406956654290358,0.0,-0.024989844199021727,-4.211918302456539,1.0795519603358374,3.6253480785088406,15.44583746309781,2.9760090112143094,4.301377674869318,1.6191434215982756,1.0741776394221518,5.902095231137793,1.0711521943052609,0.9804436977704368,0.0009883753984693518,0.00910941379376273,-0.24392250603828103,-8.234466198510702,-0.4769162370186777,-4.503702473555961,0.0,-0.2620701520644104,-4.043868630521956,39.228989308726945,45.145334030323475,52.67471661990825,44.44367858933625,38.46353169727068,38.647602304715136,39.32073108041205,47.696552720962316,39.21068087531655,35.92870866965259,-0.003515025320156194,0.08877021688380873,0.0008445873856544328,-0.024555184692144377,0.0007765948772430198,-0.010479437559843069,0.0,-0.00015366226434707086,-0.002679877728223784,0.13219726085662842,0.14180992525070907,0.15866950154304504,0.14348137378692627,0.14032269184078489,0.13265255391597747,0.13227041512727739,0.14237807149236853,0.13220420256257057,0.13172104954719543,-1.168934474314066e-06,8.19142633662645e-06,44.61021505376344,69.59229390681004,35.47043010752688,15.0,7.0,7.0,57.405913978494624,6.876
0.46639004613534213,0.39111091220940025,0.5753716223902536,0.43268760380637267,0.0,0.0,0.0,1.0,1.0,0.0,0.0,160,3,1.5362903225806452,1.0954301075268817,1.6975806451612905,3.0,3.0,1.0,1.310483870967742,simple,1.0,1.0,60,7.0,0.75,C:\Dev\readWFN_share_ms\replay_trial_19_simple_s8_g075_repair440_gc_svelu_mirror\trials\trial_19.json,440,160,281,C:\Dev\readWFN_share_ms\20260806T193058Z_pbel-simple-s8-g075-repair440-gc-svelu-mirror-avrane\manifest.json,1.85,0.766,35.74,282,0.778763440860215,0.6318100358422939,0.83252688172043,0.75,0.75,1.0,0.703494623655914,440,s8,84,84,-0.819699738375629,-11.215095587785772,-0.27048371172045016,1.6704111907099737,0.0,-0.5651294339223041,-2.6701766700208833,1.249468845676757,3.014791509265576,12.684315318437232,2.449018737720845,3.755877404652583,4.780580141787364,1.4845806939486466,5.119327959905271,1.2682044174886693,1.2493549067701215,-0.002259646902668717,0.014913546643121799,-0.7137139244690616,-8.784072117231666,0.010902870577609747,-5.952164298211855,0.0,0.2333847591778948,-5.384267060354929,34.23325876566184,40.68832364149641,52.8560619243515,39.98306106924457,35.16168075124867,31.82748657406866,33.50564530820181,45.21333235878012,33.56023026311411,30.919711190527405,-0.003251490997052575,0.3026650486421458,0.0007223077722497695,-0.02138164064905665,0.0007008290505623738,-0.009301161121677726,0.0,-0.0003982445141216817,-0.0025225995897172893,0.12335890692633551,0.1346350305789226,0.1493115764003139,0.13605008490450748,0.13319444687056572,0.12461355097658999,0.12384418782529173,0.13516036571780743,0.12362520157753884,0.12298523842751442,1.3153257307334108e-05,0.00030401658028800097,-1.109778151852555,-11.68237065773805,-0.15133542447884896,1.406956654290358,0.0,-0.5419120774070421,-4.211918302456539,1.0514585413932802,3.6253480785088406,15.44583746309781,2.9760090112143094,4.301377674869318,5.13471397209035,1.259043418280725,5.902095231137793,1.0581361309727033,1.0207053904798296,-0.00040678400716486764,0.015096480556205737,-0.24392250603828103,-8.234466198510702,-0.4769162370186777,-4.503702473555961,0.0,0.6353996500406822,-4.043868630521956,39.45364264512274,45.145334030323475,52.67471661990825,44.44367858933625,38.46353169727068,37.12863931132394,39.22124443226891,47.696552720962316,39.450400077292606,35.92870866965259,-0.00016032359245654672,0.07534394985843762,0.0008445873856544328,-0.024555184692144377,0.0007765948772430198,-0.010479437559843069,0.0,-0.0004071958363056072,-0.002679877728223784,0.1296631395816803,0.14180992525070907,0.15866950154304504,0.14348137378692627,0.14032269184078489,0.13072906881570817,0.12984185765186945,0.14237807149236853,0.1296751469373703,0.12926065921783447,-1.283023590432074e-06,9.862863032676419e-06,44.61021505376344,69.59229390681004,35.47043010752688,15.0,15.0,7.0,57.405913978494624,6.816
0.4688128946709928,0.3922691237475249,0.5765150854091304,0.437654474856323,0.0,0.0,0.0,1.0,1.0,0.0,0.0,160,3,1.7150537634408605,1.1272401433691757,1.9301075268817205,3.0,3.0,1.0,1.413978494623656,simple,1.0,1.0,60,7.0,1.0,C:\Dev\readWFN_share_ms\replay_trial_19_simple_s10_g100_repair440_gc_svelu_mirror\trials\trial_19.json,440,160,281,C:\Dev\readWFN_share_ms\20260806T193100Z_pbel-simple-s10-g100-repair440-gc-svelu-mirror-avrane\manifest.json,1.92,0.752,37.84,282,0.7430107526881721,0.6254480286738351,0.7860215053763441,0.75,0.75,1.0,0.6827956989247311,440,s10,83,84,-0.7531671209217179,-10.27934484080319,-0.38058881801229916,1.2360158607777256,0.0,-0.49164305021255283,-3.7564635413711693,1.243927659955911,3.21065657710516,11.557175491833986,2.393629816916303,3.3228231636967585,3.8943454586689312,1.45022971401699,5.6860758753757015,1.2611097251337484,1.243927659955911,-0.0017255400880018756,0.01259717944254269,-1.2136218620694592,-8.66159855549401,0.06522890790329683,-4.5347434808501745,0.0,0.9305910804880639,-5.116909956478217,36.063610145411864,41.343420927043255,52.791266730261164,40.56019443250823,36.19981434696786,33.472555152981286,35.28751587868495,45.86299500133565,35.618492752559675,32.90324763259086,-0.0123618915538927,0.3546522474669608,0.0008936027148822301,-0.023705967052562837,0.0003705806560344582,-0.007821931495322842,0.0,-0.000387171582058754,-0.0016731481294374184,0.12556031373170046,0.13542901481594052,0.14784876457802407,0.13674973238695848,0.13382909294874665,0.12681023580533962,0.12606185878719295,0.1345811656612924,0.12583495990650073,0.1251984673577386,1.2998135845843919e-05,0.0003141571035108444,-1.207278938908047,-7.94581627644433,-1.0485843685322336,1.2128111814075044,0.0,-0.29761403354803706,-5.579155184426572,1.21902165555954,3.7197216025829314,11.414332104891907,2.701701710227463,3.873362682214048,4.172728814197911,1.3263257713710819,6.870722767385269,1.2203382228851318,1.212937518676122,-0.0003352662142257256,0.0033555308358260783,-0.6804413028901806,-4.594120288022438,-0.5884316328797681,-3.3821301514022863,0.0,1.424833493776866,-4.931327810064396,41.00970836271178,45.3833510008126,50.795767978063445,45.050052043669155,39.76514218383842,38.7673435434004,40.40992154316239,48.400180647244774,40.99719559857696,37.82928530314774,0.0024421604887142874,0.06570229691450019,0.0012642391026020106,-0.027377968281507487,0.00031126067042350214,-0.008882515877485286,0.0,-0.0003835581243038233,-0.001756297796964651,0.1321868598461151,0.14277387205511333,0.1570042853968011,0.14436704404652118,0.14097949181284222,0.1331411801278591,0.13238607595364252,0.14185789820145478,0.13221408650279046,0.13198941946029663,-2.755560821160338e-06,1.6676888892462533e-05,49.973118279569896,70.54659498207884,42.446236559139784,15.0,15.0,7.0,60.51075268817204,7.209
